,author,count
0,"Balzac, Honoré de",38
1,"Trollope, Anthony",37
2,"James, Henry",36
3,"Hardy, Thomas",28
4,"Howells, William Dean",28
5,"Wells, Carolyn",28
6,"Dickens, Charles",27
7,"Oppenheim, E. Phillips (Edward Phillips)",26
8,"Burroughs, Edgar Rice",25
9,"Meade, L. T.",25
10,"Doyle, Arthur Conan",23
11,"Kipling, Rudyard",23
12,"Baum, L. Frank (Lyman Frank)",22
13,"Lang, Andrew",22
14,"Harte, Bret",22
15,"Oliphant, Mrs. (Margaret)",22
16,"Davis, Richard Harding",21
17,"MacDonald, George",21
18,"Chesterton, G. K. (Gilbert Keith)",21
19,"Crawford, F. Marion (Francis Marion)",21
20,"Chambers, Robert W. (Robert William)",21
21,"Barbour, Ralph Henry",21
22,"Ballantyne, R. M. (Robert Michael)",21
23,"Wells, H. G. (Herbert George)",20
24,"Scott, Walter",20
25,"Bindloss, Harold",20
26,"Benson, E. F. (Edward Frederic)",20
27,"Wodehouse, P. G. (Pelham Grenville)",19
28,"Le Queux, William",19
29,"Richards, Laura Elizabeth Howe",19
30,"Brazil, Angela",19
31,"Fenn, George Manville",19
32,"Montgomery, L. M. (Lucy Maud)",18
33,"London, Jack",18
34,"Haggard, H. Rider (Henry Rider)",18
35,"Yonge, Charlotte M. (Charlotte Mary)",18
36,"Hume, Fergus",18
37,"Vandercook, Margaret",18
38,"Galsworthy, John",17
39,"Warner, Charles Dudley",17
40,"McCutcheon, George Barr",17
41,"Eliot, George",16
42,"Lawrence, D. H. (David Herbert)",16
43,"Conrad, Joseph",16
44,"Henty, G. A. (George Alfred)",16
45,"Ward, Humphry, Mrs.",16
46,"Williamson, C. N. (Charles Norris) ; Williamson, A. M. (Alice Muriel)",16
47,"Douglas, Amanda M.",16
48,"Kingston, William Henry Giles",16
49,"Kingsley, Charles",15
50,"Braddon, M. E. (Mary Elizabeth)",15
51,"Marryat, Frederick",15
52,"Bower, B. M.",14
53,"Shaw, Bernard",14
54,"Zola, Émile",14
55,"Molesworth, Mrs.",14
56,"Twain, Mark",13
57,"Verne, Jules",13
58,"Collins, Wilkie",13
59,"Wilde, Oscar",13
60,"Wharton, Edith",13
61,"White, Stewart Edward",13
62,"Atherton, Gertrude Franklin Horn",13
63,"Alcott, Louisa May",13
64,"Thackeray, William Makepeace",13
65,"Holmes, Mary Jane",13
66,"Bennett, Arnold",13
67,"Johnston, Annie F. (Annie Fellows)",13
68,"Hope, Anthony",13
69,"Nicholson, Meredith",13
70,"Vaizey, George de Horne, Mrs.",13
71,"Reid, Mayne",13
72,"Raymond, Evelyn",13
73,"Wiggin, Kate Douglas Smith",12
74,"Hornung, E. W. (Ernest William)",12
75,"Nesbit, E. (Edith)",12
76,"Tolstoy, Leo, graf",12
77,"MacGrath, Harold",12
78,"Roe, Edward Payson",12
79,"Moore, George",12
80,"Southworth, Emma Dorothy Eliza Nevitte",12
81,"Steel, Flora Annie Webster",12
82,"Burnett, Frances Hodgson",11
83,"Rinehart, Mary Roberts",11
84,"Stephens, Ann S. (Ann Sophia)",11
85,"Wade, Mary Hazelton Blanchard",11
86,"Croker, B. M. (Bithia Mary)",11
87,"Sinclair, Upton",10
88,"Gissing, George",10
89,"Lincoln, Joseph Crosby",10
90,"Baring-Gould, S. (Sabine)",10
91,"Yeats, W. B. (William Butler)",10
92,"King, Basil",10
93,"Stacpoole, H. De Vere (Henry De Vere)",10
94,Various,10
95,"Bowen, Robert Sidney",10
96,"Orczy, Emmuska Orczy, Baroness",9
97,"Webster, Jean",9
98,"Defoe, Daniel",9
99,"Holmes, Oliver Wendell",9
100,"Gautier, Théophile",9
101,"Henry, O.",9
102,"Cooper, James Fenimore",9
103,"Hichens, Robert",9
104,Ouida,9
105,"Locke, William John",9
106,"Maeterlinck, Maurice",9
107,"Zangwill, Israel",9
108,"Sedgwick, Anne Douglas",9
109,"Cable, George Washington",9
110,"Lowndes, Marie Belloc",9
111,"Garland, Hamlin",9
112,"Miller, Alex. McVeigh, Mrs.",9
113,"Hawthorne, Nathaniel",8
114,"Austen, Jane",8
115,"Stoker, Bram",8
116,"Stevenson, Robert Louis",8
117,"Gaskell, Elizabeth Cleghorn",8
118,"Jerome, Jerome K. (Jerome Klapka)",8
119,"Tarkington, Booth",8
120,"Rohmer, Sax",8
121,"Packard, Frank L. (Frank Lucius)",8
122,"Masters, Edgar Lee",8
123,"Phillpotts, Eden",8
124,"Reade, Charles",8
125,"Wallace, Edgar",8
126,"Bangs, John Kendrick",8
127,"Dreiser, Theodore",8
128,"Burroughs, John",8
129,"Fisher, Dorothy Canfield",8
130,"Penrose, Margaret",8
131,"Allen, Grant",8
132,"Jefferies, Richard",8
133,"Glasgow, Ellen Anderson Gholson",8
134,"Quiller-Couch, Arthur",8
135,"Repplier, Agnes",8
136,"Stringer, Arthur",8
137,"Speed, Nell",8
138,"Collingwood, Harry",8
139,"Barrie, J. M. (James Matthew)",7
140,"Cather, Willa",7
141,"Morley, Christopher",7
142,"Maugham, W. Somerset (William Somerset)",7
143,"Dumas, Alexandre",7
144,"Raine, William MacLeod",7
145,"Daudet, Alphonse",7
146,"Reeve, Arthur B. (Arthur Benjamin)",7
147,"France, Anatole",7
148,"De Quincey, Thomas",7
149,Homer,7
150,"Gibbs, Philip",7
151,"Benson, Arthur Christopher",7
152,Anonymous,7
153,"Tracy, Louis",7
154,"Herrick, Robert",7
155,"Hill, Grace Livingston",7
156,"Snell, Roy J. (Roy Judson)",7
157,"Ellis, Edward Sylvester",7
158,"Lynde, Francis",7
159,"Dell, Ethel M. (Ethel May)",7
160,"Mason, A. E. W. (Alfred Edward Woodley)",7
161,"Huneker, James",7
162,"Fitzhugh, Percy Keese",7
163,"Bailey, Temple",7
164,"Lucas, E. V. (Edward Verrall)",7
165,"Bourget, Paul",7
166,"Belloc, Hilaire",7
167,"Jókai, Mór",7
168,"D'Annunzio, Gabriele",7
169,"MacKenzie, Compton",7
170,"Rives, Hallie Erminie",7
171,"Wirt, Mildred A. (Mildred Augustine)",7
172,"Besant, Walter",7
173,"Barr, Amelia E.",6
174,"Alger, Horatio, Jr.",6
175,"Ferber, Edna",6
176,"Austin, Mary",6
177,"Stockton, Frank R.",6
178,"Phillips, David Graham",6
179,"Tennyson, Alfred Tennyson, Baron",6
180,"Poe, Edgar Allan",6
181,"Duncan, Sara Jeannette",6
182,"Gaboriau, Emile",6
183,"Green, Anna Katharine",6
184,"Cobb, Irvin S. (Irvin Shrewsbury)",6
185,"Sand, George",6
186,"Terhune, Albert Payson",6
187,"Leacock, Stephen",6
188,"Carey, Rosa Nouchette",6
189,"Swinburne, Algernon Charles",6
190,"Evans, Augusta J. (Augusta Jane)",6
191,"Beach, Rex",6
192,"Harland, Henry",6
193,"Coleridge, Samuel Taylor",6
194,"Cawein, Madison Julius",6
195,"Disraeli, Benjamin, Earl of Beaconsfield",6
196,"White, Fred M. (Fred Merrick)",6
197,"Le Fanu, Joseph Sheridan",6
198,"May, Sophie",6
199,"Ade, George",6
200,"Huysmans, J.-K. (Joris-Karl)",6
201,"Johnston, Mary",6
202,"King, Charles",6
203,"Russell, William Clark",6
204,"Smith, George O. (George Oliver)",6
205,"Rolland, Romain",6
206,"Strang, Herbert",6
207,"Thorne, Guy",6
208,"McManus, Blanche",6
209,"Snaith, J. C. (John Collis)",6
210,"Grier, Sydney C.",6
211,"Stowe, Harriet Beecher",5
212,Virgil,5
213,"Norris, Frank",5
214,"Lewis, Sinclair",5
215,"Maquet, Auguste ; Dumas, Alexandre",5
216,"Brontë, Charlotte",5
217,"Carlyle, Thomas",5
218,"Darwin, Charles",5
219,"Flaubert, Gustave",5
220,"Shakespeare, William",5
221,"Van Dyke, Henry",5
222,"Huxley, Aldous",5
223,"Giles, Herbert Allen",5
224,"Bird, Isabella L. (Isabella Lucy)",5
225,"Forster, E. M. (Edward Morgan)",5
226,"Stoddard, Charles Warren",5
227,"Smith, Francis Hopkinson",5
228,"Holley, Marietta",5
229,"Walpole, Hugh",5
230,"Maupassant, Guy de",5
231,"Jonson, Ben",5
232,"Merriman, Henry Seton",5
233,"Corelli, Marie",5
234,"Arnold, Matthew",5
235,"Saltus, Edgar",5
236,"Morris, Gouverneur",5
237,"Crabbe, George",5
238,"Ewing, Juliana Horatia",5
239,"Riis, Jacob A. (Jacob August)",5
240,"Dos Passos, John",5
241,"Deland, Margaret Wade Campbell",5
242,"Serviss, Garrett Putman",5
243,"Rice, Alice Caldwell Hegan",5
244,"Woolson, Constance Fenimore",5
245,"Tagore, Rabindranath",5
246,"Roberts, Charles G. D., Sir",5
247,"Gosse, Edmund",5
248,"Bates, Arlo",5
249,"Earle, Alice Morse",5
250,"Leverson, Ada",5
251,"Eggleston, Edward",5
252,"Isham, Frederic Stewart",5
253,"Birmingham, George A.",5
254,"Gibbs, George",5
255,"Bell, Lilian",5
256,"Sinclair, May",5
257,"Graham, Stephen",5
258,"Reed, Myrtle",5
259,"Machen, Arthur",5
260,"Onions, Oliver",5
261,"Grant, Robert",5
262,"Warner, Anne",5
263,"Norton, Andre",5
264,"Bonner, Geraldine",5
265,"Garvice, Charles",5
266,"Crockett, S. R. (Samuel Rutherford)",5
267,"Le Feuvre, Amy",5
268,"Brown, Alice",5
269,"Johnson, Owen",5
270,"Mansfield, M. F. (Milburg Francisco)",5
271,"Ballou, Maturin M. (Maturin Murray)",5
272,"Lankester, E. Ray (Edwin Ray), Sir",5
273,"Overton, Grant M. (Grant Martin)",5
274,"Mitton, G. E. (Geraldine Edith)",5
275,"Delafield, E. M.",5
276,"Marchmont, Arthur W.",5
277,"Westerman, Percy F. (Percy Francis)",5
278,"Arlen, Michael",5
279,"Bowen, Marjorie",5
280,"Peard, Frances Mary",5
281,"Farjeon, B. L. (Benjamin Leopold)",5
282,"Taggart, Marion Ames",5
283,"Deeping, Warwick",5
284,"Woolf, Virginia",4
285,"Lowell, Amy",4
286,"Muir, John",4
287,"Stratton-Porter, Gene",4
288,"Lindsay, Vachel",4
289,"Crane, Stephen",4
290,"Le Gallienne, Richard",4
291,"Dostoyevsky, Fyodor",4
292,"Gorky, Maksim",4
293,"Russell, Bertrand",4
294,"Hearn, Lafcadio",4
295,"Christie, Agatha",4
296,"Strachey, Lytton",4
297,"Lytton, Edward Bulwer Lytton, Baron",4
298,"Leblanc, Maurice",4
299,"Beerbohm, Max, Sir",4
300,"Irving, Washington",4
301,"Mühlbach, L. (Luise)",4
302,"Moore, Frank Frankfort",4
303,"Smollett, T. (Tobias)",4
304,"Burke, Thomas",4
305,"Loti, Pierre",4
306,"Turgenev, Ivan Sergeevich",4
307,"Fabre, Jean-Henri",4
308,"Pedler, Margaret",4
309,"Jenkins, Herbert George",4
310,"Lewis, Alfred Henry",4
311,"Cambridge, Ada",4
312,"Bierce, Ambrose",4
313,"Fitzgerald, F. Scott (Francis Scott)",4
314,"De Mille, James",4
315,"Turner, Ethel",4
316,"Bulfinch, Thomas",4
317,"Adams, Samuel Hopkins",4
318,"Coolidge, Susan",4
319,"Phelps, William Lyon",4
320,"Burnham, Margaret",4
321,"Hergesheimer, Joseph",4
322,"Shiel, M. P. (Matthew Phipps)",4
323,"Milne, A. A. (Alan Alexander)",4
324,"Hudson, W. H. (William Henry)",4
325,"England, George Allan",4
326,"Buck, Charles Neville",4
327,"Sudermann, Hermann",4
328,"Barr, Robert",4
329,"Lever, Charles James",4
330,"Wilson, Harry Leon",4
331,"Glyn, Elinor",4
332,"Vance, Louis Joseph",4
333,"Brooks, Charles S. (Charles Stephen)",4
334,"Train, Arthur Cheney",4
335,"Phelps, Elizabeth Stuart",4
336,"Torrey, Bradford",4
337,"Douglas, O.",4
338,"Stephen, Leslie",4
339,"Hughes, Rupert",4
340,"Cooke, Marjorie Benton",4
341,"Sheldon, Georgie, Mrs.",4
342,"Benson, Stella",4
343,"Cable, Boyd",4
344,"Russell, George William Erskine",4
345,"Bolton, Sarah Knowles",4
346,"Goldfrap, John Henry",4
347,"Daviess, Maria Thompson",4
348,"Somerville, E. Oe. (Edith Oenone) ; Ross, Martin",4
349,"Saintsbury, George",4
350,"Finley, Martha",4
351,"Swinnerton, Frank",4
352,"Addams, Jane",4
353,"Conquest, Joan",4
354,"Beers, Henry A. (Henry Augustin)",4
355,Duchess,4
356,"Mackenzie, Donald A. (Donald Alexander)",4
357,"Symons, Arthur",4
358,"Comstock, Harriet T. (Harriet Theresa)",4
359,"Abbott, Jane",4
360,"Mencken, H. L. (Henry Louis)",4
361,"Caine, Hall, Sir",4
362,"Frost, Robert",4
363,"Curtis, Alice Turner",4
364,"Bartlett, Frederick Orin",4
365,Pansy,4
366,"Leland, Charles Godfrey",4
367,"Ellis, Havelock",4
368,"Weyman, Stanley John",4
369,"Hocking, Joseph",4
370,"Roy, Lillian Elizabeth",4
371,"Van Vechten, Carl",4
372,"Robins, Elizabeth",4
373,"Masefield, John",4
374,"Anstey, F.",4
375,"Coolidge, Dane",4
376,"Blanchard, Amy Ella",4
377,"McFee, William",4
378,"Michelet, Jules",4
379,"George, Walter Lionel",4
380,"Smith, E. E. (Edward Elmer)",4
381,"Baring, Maurice",4
382,"Couperus, Louis",4
383,"Leverage, Henry",4
384,"Walsh, James J. (James Joseph)",4
385,"Vivanti, Annie",4
386,"Emerson, Ralph Waldo",4
387,"Manning, Anne",4
388,"Harland, Marion",4
389,"Sackville-West, V. (Victoria)",4
390,"McCabe, Joseph",4
391,A. L. O. E.,4
392,"Thomas, Edward",4
393,"Kelland, Clarence Budington",4
394,"Harper, Charles G. (Charles George)",4
395,"Seawell, Molly Elliot",4
396,"Capes, Bernard",4
397,"Bordeaux, Henry",4
398,Plato,3
399,"Leroux, Gaston",3
400,"Brooke, Rupert",3
401,"Porter, Eleanor H. (Eleanor Hodgman)",3
402,"Churchill, Winston",3
403,"Milton, John",3
404,"Borrow, George",3
405,"Field, Eugene",3
406,Saki,3
407,"Lamb, Charles ; Lamb, Mary",3
408,"Gilbert, W. S. (William Schwenck)",3
409,"Grey, Zane",3
410,"Wister, Owen",3
411,"Edgeworth, Maria",3
412,"Meynell, Alice",3
413,"Biggers, Earl Derr",3
414,"Sabatini, Rafael",3
415,"Adams, Henry",3
416,"Dana, Richard Henry",3
417,"Peacock, Thomas Love",3
418,"Pater, Walter",3
419,"Pérez Galdós, Benito",3
420,"De la Mare, Walter",3
421,"Maclaren, Ian",3
422,"Barclay, Florence L. (Florence Louisa)",3
423,"Thoreau, Henry David",3
424,"Pearson, Edmund Lester",3
425,"Call, Annie Payson",3
426,"Nietzsche, Friedrich Wilhelm",3
427,"Norris, Kathleen Thompson",3
428,"Arthur, T. S. (Timothy Shay)",3
429,"Fox, John, Jr.",3
430,"Page, Gertrude",3
431,"Mill, John Stuart",3
432,"Johnson, E. Pauline",3
433,"Baudelaire, Charles",3
434,"Wright, Harold Bell",3
435,"Butler, Samuel",3
436,"Ray, Anna Chapin",3
437,"Schiller, Friedrich",3
438,"Parrish, Randall",3
439,"Day, Clarence",3
440,"Burton, Richard Francis, Sir",3
441,"Catherwood, Mary Hartwell",3
442,"Hawthorne, Julian",3
443,"Anderson, Sherwood",3
444,Thucydides,3
445,"Proust, Marcel",3
446,"Stretton, Hesba",3
447,"Wilcox, Ella Wheeler",3
448,"Strindberg, August",3
449,"Hecht, Ben",3
450,"Fuller, Henry Blake",3
451,"Curtis, George William",3
452,"Lee, Vernon",3
453,"Southey, Robert",3
454,"Nye, Bill",3
455,"Sherwood, M. E. W. (Mary Elizabeth Wilson)",3
456,"Hewlett, Maurice",3
457,"Fletcher, J. S. (Joseph Smith)",3
458,"Lincoln, Natalie Sumner",3
459,"Merrick, Leonard",3
460,"Harrison, Henry Sydnor",3
461,"Blackwood, Algernon",3
462,"O'Brien, Frederick",3
463,"Smith, Mabell S. C. (Mabell Shippie Clarke)",3
464,"Brame, Charlotte M.",3
465,"Malot, Hector",3
466,"Lynd, Robert",3
467,"Dowden, Edward",3
468,"Palmer, Frederick",3
469,"Whitney, A. D. T. (Adeline Dutton Train)",3
470,"Hutchinson, A. S. M. (Arthur Stuart-Menteth)",3
471,"Hough, Emerson",3
472,"Craik, Dinah Maria Mulock",3
473,"Byron, George Gordon Byron, Baron",3
474,"Melville, Herman",3
475,"Black, William",3
476,"Kaye-Smith, Sheila",3
477,"Benson, Robert Hugh",3
478,"Werner, E.",3
479,"Sinclair, Bertrand W.",3
480,"Fraser, William Alexander",3
481,"Mallock, W. H. (William Hurrell)",3
482,"Woodrow, Wilson, Mrs.",3
483,"Wright, Mabel Osgood",3
484,"Laut, Agnes C.",3
485,"Hueston, Ethel",3
486,"Optic, Oliver",3
487,"White, William Allen",3
488,"Montgomery, Frances Trego",3
489,"Seltzer, Charles Alden",3
490,"Read, Opie Percival",3
491,"Stead, Robert J. C.",3
492,"Piper, H. Beam",3
493,"Stein, Evaleen",3
494,"Austin, Anne",3
495,"Griffith, George Chetwynd",3
496,"Bain, F. W. (Francis William)",3
497,"Ford, Sewell",3
498,"Ogden, George W. (George Washington)",3
499,"Reed, Talbot Baines",3
500,"Gwynn, Stephen Lucius",3
501,"Spearman, Frank H. (Frank Hamilton)",3
502,"MacArthur, Ruth Brown",3
503,"Dewar, Douglas",3
504,"McNeile, H. C. (Herman Cyril)",3
505,"Moore, Ward",3
506,"Paine, Ralph Delahaye",3
507,"Tomlinson, H. M. (Henry Major)",3
508,"Higginson, Thomas Wentworth",3
509,"Magruder, Julia",3
510,"Gale, Zona",3
511,"Hughes, Thomas",3
512,"Ingram, Eleanor M. (Eleanor Marie)",3
513,"Mitford, Bertram",3
514,"Dehan, Richard",3
515,"De Morgan, William",3
516,"Kornbluth, C. M. (Cyril M.)",3
517,"Hornibrook, Isabel",3
518,"O'Rell, Max",3
519,"D'Anvers, N.",3
520,"Page, Thomas Nelson",3
521,"Boldrewood, Rolf",3
522,"Comfort, Will Levington",3
523,"Weigall, Arthur E. P. Brome (Arthur Edward Pearse Brome)",3
524,"Graham, Harry",3
525,"Bedford-Jones, H. (Henry)",3
526,"Mahaffy, J. P. (John Pentland)",3
527,"Ewald, Carl",3
528,"Craddock, Charles Egbert",3
529,"Vachell, Horace Annesley",3
530,"Boothby, Guy",3
531,"Freeman, Lewis R. (Lewis Ransome)",3
532,"Stables, Gordon",3
533,"Freud, Sigmund",3
534,"Hay, Ian",3
535,"Kauffman, Reginald Wright",3
536,"Pardo Bazán, Emilia, condesa de",3
537,"Coleridge, Christabel R. (Christabel Rose)",3
538,"Winlow, Clara Vostrovsky",3
539,"Scargill, William Pitt",3
540,"Wayne, Dorothy",3
541,"Flandrau, Charles Macomb",3
542,"Nixon-Roulet, Mary F.",3
543,"Sims, George R.",3
544,"Burgess, Gelett",3
545,"Young, Francis Brett",3
546,"Griffis, William Elliot",3
547,"Moncrieff, A. R. Hope (Ascott Robert Hope)",3
548,"Grant, James",3
549,"Ludovici, Anthony M. (Anthony Mario)",3
550,"Dodge, Natt N. (Natt Noyes)",3
551,"Frankau, Gilbert",3
552,"Alec-Tweedie, Mrs. (Ethel)",3
553,"Stevenson, Burton Egbert",3
554,"Lynch, Hannah",3
555,"Levy, Amy",3
556,"Speight, T. W. (Thomas Wilkinson)",3
557,"Kilmer, Joyce",3
558,"Syrett, Netta",3
559,"Riddell, J. H., Mrs.",3
560,"Banning, Margaret Culkin",3
561,"Roget, Peter Mark",2
562,"Frederic, Harold",2
563,"Hugo, Victor",2
564,"Service, Robert W. (Robert William)",2
565,"Raleigh, Walter Alexander, Sir",2
566,"Chesnutt, Charles W. (Charles Waddell)",2
567,"Carroll, Lewis",2
568,"Sharp, William",2
569,"Van Loon, Hendrik Willem",2
570,"Merritt, Abraham",2
571,"Brontë, Emily",2
572,"Okakura, Kakuzo",2
573,Stendhal,2
574,"Apollonius, Rhodius",2
575,"Guest, Edgar A. (Edgar Albert)",2
576,"Stevenson, Robert Louis ; Osbourne, Lloyd",2
577,"Altsheler, Joseph A. (Joseph Alexander)",2
578,"Sterne, Laurence",2
579,"Gogol, Nikolai Vasilevich",2
580,"Seton, Ernest Thompson",2
581,"Fielding, Henry",2
582,"Ruskin, John",2
583,"Whitman, Walt",2
584,"Thompson, Francis",2
585,"Blasco Ibáñez, Vicente",2
586,"Myerson, Abraham",2
587,"Andersen, H. C. (Hans Christian)",2
588,"Whibley, Charles",2
589,"Dixon, Thomas, Jr.",2
590,"Sanger, Margaret",2
591,"Peattie, Elia Wilkinson",2
592,United States. Central Intelligence Agency,2
593,"Baker, Samuel White, Sir",2
594,"Byrne, Donn",2
595,"Beckford, William",2
596,"Allen, James Lane",2
597,"Hamilton, Gail",2
598,Voltaire,2
599,"Mérimée, Prosper",2
600,"Mitford, Mary Russell",2
601,"Prentiss, E. (Elizabeth)",2
602,"Goldsmith, Oliver",2
603,"Huxley, Thomas Henry",2
604,"Gilman, Charlotte Perkins",2
605,"Irwin, Will",2
606,"Eddy, Mary Baker",2
607,"Ward, Adolphus William, Sir",2
608,"Parker, Gilbert",2
609,"Sutphen, Van Tassel",2
610,"Krehbiel, Henry Edward",2
611,"Inchbald, Mrs.",2
612,"Vigny, Alfred de",2
613,"Ibsen, Henrik",2
614,"Thompson, Maurice",2
615,"Spence, Catherine Helen",2
616,"Morris, Joseph E. (Joseph Ernest)",2
617,"Habberton, John",2
618,"Joyce, James",2
619,"Hume, David",2
620,"Douglas, Norman",2
621,"Hall, Bolton",2
622,"Symonds, John Addington",2
623,"Swift, Jonathan",2
624,"Patchin, Frank Gee",2
625,"Farnol, Jeffery",2
626,"Mundy, Talbot",2
627,"McCarthy, Justin H. (Justin Huntly)",2
628,"Longfellow, Henry Wadsworth",2
629,"Osbourne, Lloyd",2
630,"Shedlock, Marie L.",2
631,"Von Arnim, Elizabeth",2
632,"Slocum, Joshua",2
633,"Church, Alfred John ; Homer",2
634,"Spyri, Johanna",2
635,"Carnegie, Andrew",2
636,Molière,2
637,"Smith, Goldwin",2
638,"Blavatsky, H. P. (Helena Petrovna)",2
639,"Dobson, Austin",2
640,"Grand, Sarah",2
641,"Bellamy, Edward",2
642,"Godwin, William",2
643,"Goncharov, Ivan Aleksandrovich",2
644,"Walton, O. F., Mrs.",2
645,"Walcott, Earle Ashley",2
646,"Moodie, Susanna",2
647,"Keats, John",2
648,"Foote, Mary Hallock",2
649,"Baroja, Pío",2
650,"Smith, Logan Pearsall",2
651,"Malet, Lucas",2
652,"Taylor, Bayard",2
653,"Myers, F. W. H. (Frederic William Henry)",2
654,"Warner, Susan",2
655,"Hale, Edward Everett",2
656,"Ervine, St. John G. (St. John Greer)",2
657,"Holcroft, Thomas",2
658,"Brand, Max",2
659,"Wallace, Dillon",2
660,"Sweetser, Kate Dickinson",2
661,"Shelley, Percy Bysshe",2
662,"Graves, Robert",2
663,"Gregory, Jackson",2
664,"Trollope, Frances Milton",2
665,"Waterloo, Stanley",2
666,Euripides,2
667,"Child, Lydia Maria",2
668,"Curwood, James Oliver",2
669,"Camp, Wadsworth",2
670,"Futrelle, Jacques",2
671,"Woodson, Carter Godwin",2
672,"Burt, Katharine Newlin",2
673,"Moore, Frederick Ferdinand",2
674,"Webster, Henry Kitchell",2
675,"Curtis, William Eleroy",2
676,"Bairnsfather, Bruce",2
677,"Griffiths, Arthur",2
678,"Galton, Francis",2
679,"Franklin, Miles",2
680,"Finck, Henry T.",2
681,"Schopenhauer, Arthur",2
682,"McIntyre, John T. (John Thomas)",2
683,"Martinengo-Cesaresco, Evelyn Lilian Hazeldine Carrington, contessa",2
684,"Morley, John",2
685,"Johnston, Harry",2
686,"Richmond, Grace S. (Grace Smith)",2
687,"Nordhoff, Charles",2
688,"Glover, T. R. (Terrot Reaveley)",2
689,"Van Schaick, George",2
690,"Watts-Dunton, Theodore",2
691,"Wylie, I. A. R. (Ida Alexa Ross)",2
692,"Lear, Edward",2
693,"Falkner, John Meade",2
694,"Benoît, Pierre",2
695,"Post, Emily",2
696,"Morrow, Honoré",2
697,"About, Edmond",2
698,"Poole, Ernest",2
699,"Abbott, Eleanor Hallowell",2
700,"Gregory, Lady",2
701,"Maxwell, W. B. (William Babington)",2
702,"Major, Charles",2
703,"Lucas, E. V. (Edward Verrall) ; Graves, Charles L. (Charles Larcom)",2
704,"Cholmondeley, Mary",2
705,"Childers, Erskine",2
706,"Shelley, Mary Wollstonecraft",2
707,"Runciman, Walter Runciman, Baron",2
708,"Garis, Howard Roger",2
709,"Wood, Henry, Mrs.",2
710,"West, Rebecca",2
711,"Browning, Robert",2
712,"Kemble, Fanny",2
713,"Tarbell, Ida M. (Ida Minerva)",2
714,"Perry, Lawrence",2
715,"Matthews, Brander",2
716,"Garnett, Richard",2
717,"Neihardt, John G.",2
718,"Macaulay, Rose",2
719,"Watson, William Henry Lowe",2
720,"Parmele, Mary Platt",2
721,"Dyson, Edward",2
722,"Lloyd, Nelson",2
723,"Villiers de L'Isle-Adam, Auguste, comte de",2
724,"Ferris, George T. (George Titus)",2
725,"Kleiser, Grenville",2
726,"Baxter, Beverley",2
727,"Pansy ; Livingston, C. M., Mrs.",2
728,"La Bruyère, Jean de",2
729,"Freeman, Mary Eleanor Wilkins",2
730,"Smith, Alexander",2
731,"Hutchinson, Woods",2
732,"Winter, William",2
733,"Lubbock, Percy",2
734,"Luther, Mark Lee",2
735,"Shoghi, Effendi",2
736,ʻAbdu'l-Bahá,2
737,"Oyen, Henry",2
738,"Evans, E. Everett (Edward Everett)",2
739,"Newman, John Henry",2
740,"Fowler, Ellen Thorneycroft",2
741,"Bacon, Josephine Daskam",2
742,"Boyesen, Hjalmar Hjorth",2
743,"Carryl, Guy Wetmore",2
744,"Diver, Maud",2
745,"Douglas, Alan, Captain",2
746,"Bassett, Sara Ware",2
747,"Froude, James Anthony",2
748,"James, William",2
749,"Marden, Orison Swett",2
750,"Munro, Neil",2
751,"Janvier, Thomas A. (Thomas Allibone)",2
752,"Mitchell, Ruth Comfort",2
753,"Moorhouse, Herbert Joseph",2
754,"Shorter, Clement King",2
755,"Moffett, Cleveland",2
756,"Connolly, James B. (James Brendan)",2
757,"Lowell, James Russell",2
758,"Münsterberg, Hugo",2
759,Unknown,2
760,"Pennell, Elizabeth Robins",2
761,"Coffin, Charles Carleton",2
762,"John, the Apostle, Saint",2
763,"Browning, Elizabeth Barrett",2
764,"Farrar, F. W. (Frederic William)",2
765,"O'Brien, Fitz James",2
766,"Lockhart, Caroline",2
767,"Harris, Corra",2
768,"Cullum, Ridgwell",2
769,"Fuller, Anna",2
770,"Egan, Maurice Francis",2
771,"Martineau, Harriet",2
772,"Reynolds, Mack",2
773,"Ficke, Arthur Davison",2
774,"Stephens, James",2
775,"Flammarion, Camille",2
776,"Neill, Alexander Sutherland",2
777,"Robinson, A. Mary F. (Agnes Mary Frances)",2
778,"Hendryx, James B. (James Beardsley)",2
779,"La Motte, Ellen N. (Ellen Newbold)",2
780,"Janin, Jules Gabriel",2
781,"Ribot, Th. (Théodule)",2
782,"Gilchrist, Murray",2
783,"MacGowan, Alice",2
784,"Proctor, Richard A. (Richard Anthony)",2
785,"Paternoster, G. Sidney",2
786,"Upward, Allen",2
787,"Hapgood, Hutchins",2
788,"Hall, Eliza Calvert",2
789,"Chase, Mary Ellen",2
790,"Nathan, George Jean",2
791,"Crow, Martha Foote",2
792,"Sharkey, Jack",2
793,"Barine, Arvède",2
794,"Wood-Allen, Mary",2
795,"Kelly, Florence Finch",2
796,"Rovetta, Gerolamo",2
797,"Fielding, H. (Harold)",2
798,"Forel, Auguste",2
799,"Doctorow, Cory",2
800,"Vaughan, Herbert M. (Herbert Millingchamp)",2
801,"Ostrander, Isabel",2
802,"Otis, James",2
803,"Ayres, Ruby M. (Ruby Mildred)",2
804,"Palacio Valdés, Armando",2
805,"Heine, Heinrich",2
806,"Footner, Hulbert",2
807,"Renan, Ernest",2
808,"Jewett, Sarah Orne",2
809,"Nason, Frank Lewis",2
810,Multatuli,2
811,"Crockett, W. S. (William Shillinglaw)",2
812,"Rice, Cale Young",2
813,"Robertson, J. M. (John Mackinnon)",2
814,"Pohl, Frederik",2
815,"Hamerton, Philip Gilbert",2
816,"Thiselton-Dyer, T. F. (Thomas Firminger)",2
817,"Brown, Abbie Farwell",2
818,"Smeaton, William Henry Oliphant",2
819,"Kummer, Frederic Arnold",2
820,"Mulford, Clarence Edward",2
821,"Zimmern, Helen",2
822,"Lefevre, Edwin",2
823,"Kennard, Nina H.",2
824,"Pocock, Roger",2
825,"Bramston, James",2
826,"Thanet, Octave",2
827,"Watkins, Shirley",2
828,"Jones, Raymond F.",2
829,"Goethe, Johann Wolfgang von",2
830,"Miller, Alice Duer",2
831,"Hoover, Thomas",2
832,"Salt, Henry S.",2
833,"Latham, R. G. (Robert Gordon)",2
834,"Kjelgaard, Jim",2
835,"Ober, Frederick A. (Frederick Albion)",2
836,"Neal, John",2
837,"Northend, Mary Harrod",2
838,"Delannoy, Burford",2
839,"Brainerd, Eleanor Hoyt",2
840,"Whitney, Helen Hay",2
841,"Sidney, Margaret",2
842,"Marshall, Edison",2
843,"Reynolds, Baillie, Mrs.",2
844,"Broun, Heywood",2
845,"Cervantes Saavedra, Miguel de",2
846,"Andrews, William",2
847,"Rankin, Carroll Watson",2
848,"Wilkinson, William Cleaver",2
849,"Hocking, Silas K. (Silas Kitto)",2
850,"Sienkiewicz, Henryk",2
851,"Willson, Beckles",2
852,"Halsey, Rena I.",2
853,"Williams, Ben Ames",2
854,"Cutting, Mary Stewart",2
855,"Stockley, Cynthia",2
856,"Harrison, Burton, Mrs.",2
857,"Gardener, Helen H. (Helen Hamilton)",2
858,"Dewey, John",2
859,"Gardner, Edmund G.",2
860,"Marsh, Richard",2
861,"Nicholson, Reynold Alleyne",2
862,"Oxenham, John",2
863,"Du Maurier, George",2
864,"Young, F. E. Mills (Florence Ethel Mills)",2
865,"Edwards, Albert",2
866,"Bardsley, Charles Wareing Endell",2
867,"Gallizier, Nathan",2
868,"Sue, Eugène",2
869,"Sharber, Kate Trimble",2
870,"Dane, Clemence",2
871,"Franck, Harry Alverson",2
872,"Fern, Fanny",2
873,"Brandeis, Madeline",2
874,"Church, Alfred John",2
875,"Anderson, Isabel",2
876,"Steiner, Edward Alfred",2
877,"Carling, John R.",2
878,"Scott, Leroy",2
879,"Saunders, Marshall",2
880,"Trowbridge, W. R. H. (William Rutherford Hayes)",2
881,"Sharp, Evelyn",2
882,"Thurston, E. Temple (Ernest Temple)",2
883,"Brereton, F. S. (Frederick Sadleir)",2
884,"Frost, Thomas",2
885,"Mills, Enos A.",2
886,"Brooks, Van Wyck",2
887,"Elliott, Maud Howe",2
888,"Bercovici, Konrad",2
889,"Spurgeon, C. H. (Charles Haddon)",2
890,"Wentworth, Patricia",2
891,"Rath, E. J.",2
892,"Pemberton, Max",2
893,"North, Grace May",2
894,"Allen, Willis Boyd",2
895,"Walker, Rowland",2
896,"Mendel, Florence Emma Voigt",2
897,"Pryor, Sara Agnes Rice",2
898,"Kuprin, A. I. (Aleksandr Ivanovich)",2
899,"Wharton, Anne Hollingsworth",2
900,"Spence, Lewis",2
901,"Broster, D. K. (Dorothy Kathleen) ; Taylor, G. Winifred (Gertrude Winifred)",2
902,"Feuillet, Octave",2
903,"Stern, G. B. (Gladys Bronwyn)",2
904,"Ruxton, George Frederick Augustus",2
905,"Singmaster, Elsie",2
906,"Anderson, William",2
907,"Brandes, Georg",2
908,"Hayden, Arthur",2
909,"Cunninghame Graham, R. B. (Robert Bontine)",2
910,"Morton, Martha",2
911,"Lanman, Charles",2
912,"Oldmeadow, Ernest",2
913,"Raabe, Wilhelm",2
914,"Ashton, John",2
915,"Grimshaw, Beatrice",2
916,"Eggleston, George Cary",2
917,"Merwin, Samuel",2
918,"Bell, Aubrey F. G. (Aubrey Fitz Gerald)",2
919,"Sturgeon, Mary",2
920,"Guiney, Louise Imogen",2
921,"Fitzmaurice-Kelly, James",2
922,"Gaunt, Mary",2
923,"Dawson, Coningsby",2
924,"Miln, Louise Jordan",2
925,"Williams, William Carlos",2
926,"Key, Ellen",2
927,"Smith, Southwood",2
928,LM (Leslie Moore),2
929,"Washburn, Claude C. (Claude Carlos)",2
930,"Bond, Nelson S.",2
931,"Mirrlees, Hope",2
932,"Bridges, Victor",2
933,"Stirling, Yates",2
934,"Holding, Elisabeth Sanxay",2
935,"Porter, Anna Maria",2
936,"Hilton, James",2
937,"Broughton, Rhoda",2
938,"Mearns, Hughes",2
939,"West, Wallace",2
940,"Bradford, Gamaliel",2
941,"Giberne, Agnes",2
942,"Cooley, Charles Horton",2
943,"Rathborne, St. George",2
944,"Bromfield, Louis",2
945,"Rowson, Mrs.",1
946,"Robinson, Edwin Arlington",1
947,"Gregory, Eliot",1
948,"Jordan, Elizabeth Garver ; Shaw, Anna Howard",1
949,"Tasso, Torquato",1
950,"Le Bon, Gustave",1
951,"Booth, William",1
952,"Coke, Henry J. (Henry John)",1
953,"White, Andrew Dickson",1
954,"Headland, Isaac Taylor",1
955,"Buchan, John",1
956,"Browne, Thomas, Sir",1
957,"Ariosto, Lodovico",1
958,"Seeger, Alan",1
959,"Aldrich, Thomas Bailey",1
960,"Stevenson, Robert Louis ; Stevenson, Fanny Van de Grift",1
961,"Browning, Robert ; Orr, Sutherland, Mrs.",1
962,"Quintus, Smyrnaeus, active 4th century",1
963,Project Gutenberg,1
964,"Naidu, Sarojini",1
965,"Lovelace, Richard",1
966,"Brisbane, Arthur",1
967,"Gould, George M. (George Milbrey) ; Pyle, Walter L. (Walter Lytle)",1
968,"Badger, Jos. E. (Joseph Edward)",1
969,"Lucretius Carus, Titus",1
970,"Veblen, Thorstein",1
971,"Weems, M. L. (Mason Locke)",1
972,"Marlowe, Christopher",1
973,"Hazeltine, Alice Isabel",1
974,"Haldeman-Julius, Marcet ; Haldeman-Julius, E. (Emanuel)",1
975,"Brontë, Anne",1
976,"Livingstone, David",1
977,"Bramah, Ernest",1
978,Xenophon,1
979,"Rougemont, Louis de",1
980,"Rabelais, François",1
981,"Prescott, William Hickling",1
982,"Mims, Edwin",1
983,"Thomson, James",1
984,"Rostand, Edmond",1
985,"Burns, Robert",1
986,"Congreve, William",1
987,"Blades, William",1
988,"Lawson, Henry",1
989,"Ransome, Arthur",1
990,"Wallace, Donald Mackenzie",1
991,"White, Gilbert",1
992,"Schreiner, Olive",1
993,"Nation, Carry Amelia",1
994,"Fiske, John",1
995,"Steele, Chester K.",1
996,"Rojas, Fernando de",1
997,"Farrar, John Chipman",1
998,"Mason, Mary Murdoch",1
999,"Lytton, Edward Robert Bulwer Lytton, Earl of",1
1000,"Roosevelt, Theodore ; Lodge, Henry Cabot",1
1001,"Seward, A. C. (Albert Charles)",1
1002,"Kountz, William J.",1
1003,"Perdue, Mitzi",1
1004,"Benét, Stephen Vincent ; Hopwood, Avery ; Rinehart, Mary Roberts",1
1005,"Niemann, August",1
1006,"Farjeon, Eleanor",1
1007,"Depew, Chauncey M. (Chauncey Mitchell)",1
1008,"Smith, George",1
1009,"Ossendowski, Ferdynand Antoni",1
1010,"Brown, William Wells",1
1011,"More, Thomas, Saint",1
1012,Herodotus,1
1013,"Goldman, Emma",1
1014,"Cooper, Susan Fenimore",1
1015,"Wieland, Christoph Martin",1
1016,"Whyte, Alexander",1
1017,"Bates, Henry Walter",1
1018,"Sangster, Margaret E. (Margaret Elizabeth)",1
1019,"Mason, Amelia Gere",1
1020,Aristophanes,1
1021,"Taine, Hippolyte",1
1022,"Wood, Eugene",1
1023,"Arbuthnot, John",1
1024,"Lang, Andrew ; Haggard, H. Rider (Henry Rider)",1
1025,"McElroy, John",1
1026,"Ford, Ford Madox",1
1027,"Addison, Joseph",1
1028,"Cahan, Abraham",1
1029,"Pliny, the Younger",1
1030,"Campanella, Tommaso",1
1031,"Josephus, Flavius",1
1032,"Jones, Henry Festing",1
1033,"Morris, William",1
1034,"Reed, John",1
1035,"Moorman, F. W. (Frederic William)",1
1036,"Connor, Ralph",1
1037,"Radcliffe, Ann Ward",1
1038,"Smith, Adam",1
1039,"Gillmore, Inez Haynes",1
1040,"Clarke, Marcus Andrew Hislop",1
1041,"Voynich, E. L. (Ethel Lillian)",1
1042,Francis H. Leggett & Co.,1
1043,"Furphy, Joseph",1
1044,"Gatlin, Dana",1
1045,"Hiestand, Orville O. ; Herr, Charles J.",1
1046,"Cowley, Abraham",1
1047,"Stevens, Doris",1
1048,"Manners, J. Hartley",1
1049,"Lumet, Louis ; Keim, Albert",1
1050,"Angellotti, Marion Polk",1
1051,"Stone, Louis",1
1052,"Rossetti, Dante Gabriel",1
1053,"Boucicault, Dion ; Reade, Charles",1
1054,"Wason, Robert Alexander",1
1055,"Marshall, Logan",1
1056,"Lawton, Frederick",1
1057,"Wyss, Johann David",1
1058,"O'Neill, Eugene",1
1059,"Cellini, Benvenuto",1
1060,"Montgolfier, Adélaïde de",1
1061,"Clacy, Charles, Mrs.",1
1062,"Weston, Jessie L. (Jessie Laidlay)",1
1063,"Scott, Ernest, Sir",1
1064,"McClung, Nellie L.",1
1065,"Sheldon, Charles M.",1
1066,"St. John de Crèvecoeur, J. Hector",1
1067,"Calverley, Charles Stuart",1
1068,"Jordan, David Starr",1
1069,"Irwin, Wallace",1
1070,"Wright, J. W. (Jacob William)",1
1071,"Conn, H. W. (Herbert William)",1
1072,"Arthur, Chester Alan",1
1073,"Cleveland, Grover",1
1074,"Taft, William H. (William Howard)",1
1075,"Coolidge, Calvin",1
1076,"Hoover, Herbert",1
1077,"Roosevelt, Franklin D. (Franklin Delano)",1
1078,"Eisenhower, Dwight D. (Dwight David)",1
1079,"Kennedy, John F. (John Fitzgerald)",1
1080,"Johnson, Lyndon B. (Lyndon Baines)",1
1081,"Nixon, Richard M. (Richard Milhous)",1
1082,"Ford, Gerald R.",1
1083,"Carter, Jimmy",1
1084,"Reagan, Ronald",1
1085,"Bush, George",1
1086,"Gatty, Alfred, Mrs.",1
1087,"Hazlitt, William",1
1088,"O'Grady, Standish",1
1089,"Trollope, Thomas Adolphus",1
1090,"Moritz, Karl Philipp",1
1091,"Grahame, Kenneth",1
1092,"Boyd, Andrew Kennedy Hutchison",1
1093,"Rousseau, Jean-Jacques",1
1094,"Kingsford, Anna Bonus",1
1095,"Wynne, Ellis",1
1096,"Flint, Homer Eon",1
1097,"Inman, Henry ; Buffalo Bill",1
1098,"Buckley, Arabella B. (Arabella Burton)",1
1099,"Andrews, Jane",1
1100,"Barker, Lady (Mary Anne)",1
1101,"Clarke, Michael",1
1102,"Marsh, George P. (George Perkins)",1
1103,"Goddard, Charles",1
1104,"White, Edward Lucas",1
1105,"Bosher, Kate Langley",1
1106,"Crewdson, Charles N. (Charles Newman)",1
1107,"Haliburton, Thomas Chandler",1
1108,"Adams, Franklin P. (Franklin Pierce)",1
1109,"Cornwall, Barry",1
1110,"Lowell, Edward J. (Edward Jackson)",1
1111,"Vaughan, Charles Edwyn",1
1112,"Hoffmann, E. T. A. (Ernst Theodor Amadeus)",1
1113,"Hamilton, Frederic, Lord",1
1114,"Halleck, Reuben Post",1
1115,"Lippmann, Walter",1
1116,"Roosevelt, Theodore",1
1117,Colette,1
1118,"Porter, Jane",1
1119,"Ellwood, Charles A. (Charles Abram)",1
1120,"Chavasse, Pye Henry",1
1121,"Parker, Edward Harper",1
1122,"White, William Hale",1
1123,"Rossetti, Lucy Madox Brown",1
1124,"Boulger, Demetrius Charles",1
1125,"Andreyev, Leonid",1
1126,"Innes, Arthur D. (Arthur Donald)",1
1127,"Paston, George",1
1128,"Hutchinson, J. R. (John Robert)",1
1129,Vera,1
1130,"Willson, Marcius ; Wilson, Robert Pierpont",1
1131,"Watkin, E. W. (Edward William), Sir",1
1132,"Lathrop, Rose Hawthorne",1
1133,"Webb, Mary Gladys Meredith",1
1134,"Bernhardt, Sarah",1
1135,"Schlegel, August Wilhelm von",1
1136,"Fletcher, Robert Huntington",1
1137,"Vries, Hugo de",1
1138,"Stearns, Frank Preston",1
1139,"Scott, Michael",1
1140,"Day, Horace B.",1
1141,"Banfield, E. J. (Edmund James)",1
1142,"Macomber, Ben",1
1143,"Dryden, John ; Chaucer, Geoffrey",1
1144,"Hamsun, Knut",1
1145,"Bandini, Helen Elliott",1
1146,"Booth, Evangeline ; Hill, Grace Livingston",1
1147,"Staël, Madame de (Anne-Louise-Germaine)",1
1148,"Lubbock, John, Sir",1
1149,"Dunne, Finley Peter",1
1150,"Ostrovsky, Aleksandr Nikolaevich",1
1151,"Cheyne, T. K. (Thomas Kelly)",1
1152,"Rabb, Kate Milner",1
1153,"Russell, George William",1
1154,"Lumb, T. W. (Thomas Wallace)",1
1155,"Waterton, Charles",1
1156,"Macpherson, James",1
1157,"Dunsany, Lord",1
1158,"Perry, Bliss",1
1159,Aristotle,1
1160,"Ware, Mary G. (Mary Greene)",1
1161,"Fogazzaro, Antonio",1
1162,"Lathrop, George Parsons",1
1163,"Tileston, Mary Wilder",1
1164,"Walton, George Lincoln",1
1165,"Faguet, Émile",1
1166,"Dake, Charles Romyn",1
1167,"Haeckel, Ernst",1
1168,Aesop,1
1169,"Donnell, Annie Hamilton",1
1170,"Christie, William Harvey",1
1171,"Burckhardt, John Lewis",1
1172,"Mackail, J. W. (John William)",1
1173,"Foster, John",1
1174,"Miller, Marion Mills",1
1175,"Artsybashev, M. (Mikhail)",1
1176,"Alcott, William A. (William Andrus)",1
1177,"Bertrand, Louis",1
1178,"Dent, Edward J. (Edward Joseph)",1
1179,"Camus, Jean-Pierre",1
1180,"Towle, George M. (George Makepeace)",1
1181,"Calderón de la Barca, Madame (Frances Erskine Inglis)",1
1182,"Erasmus, Desiderius",1
1183,"Seton-Thompson, Grace Gallatin",1
1184,"Youatt, William",1
1185,"McConnell, Francis John",1
1186,Horace,1
1187,"Leslie, Lawrence J.",1
1188,"Moore, T. Sturge (Thomas Sturge)",1
1189,"Stanton, Elizabeth Cady",1
1190,"Williams, Valentine",1
1191,"Maniates, Belle Kanaris",1
1192,"Bradford, Sarah H. (Sarah Hopkins)",1
1193,"Lindsay, Anna Robertson Brown",1
1194,"Boccaccio, Giovanni",1
1195,"Cross, F. J. (Frederick J.)",1
1196,"Watson, John R. (John Reay) ; Rees, Arthur J. (Arthur John)",1
1197,"Nichol, John",1
1198,"Rideout, Henry Milner",1
1199,"Carr, John, Sir",1
1200,"McCracken, Elizabeth",1
1201,"Galt, John",1
1202,"Lucian, of Samosata",1
1203,"Cotter, Frank J.",1
1204,"Zimmern, Alfred ; Seton-Watson, R. W. (Robert William) ; Greenwood, Arthur ; Wilson, John Dover",1
1205,"Litchfield, Grace Denio",1
1206,"Burton, Robert",1
1207,"Boyd, Mary Stuart",1
1208,"Webster, Angus D.",1
1209,Teachers of the School Street Universalist Sunday School. Boston,1
1210,"Dwyer, James Francis",1
1211,"Archer, William",1
1212,"Cabell, James Branch",1
1213,"Young, Egerton Ryerson",1
1214,"Green, Horace",1
1215,"Johnson, James Weldon",1
1216,"Middleton, Richard",1
1217,"Stoddard, John L. (John Lawson)",1
1218,"Lauder, Harry, Sir",1
1219,"Webb, Frank J.",1
1220,"Gent, Thomas",1
1221,"Mair, G. H. (George Herbert)",1
1222,"Eberhard, Wolfram",1
1223,"Oppenheim, James",1
1224,"Besant, Annie",1
1225,"Powell, E. Alexander (Edward Alexander)",1
1226,"Sturge, Joseph",1
1227,"Brown, Goold",1
1228,"Lillibridge, Will",1
1229,"Goodloe, Abbe Carter",1
1230,"Church, Ella Rodman",1
1231,"Zùccoli, Luciano",1
1232,"Lawless, Emily",1
1233,"Spurgeon, Caroline F. E. (Caroline Frances Eleanor)",1
1234,"Furman, Lucy S.",1
1235,"Swisshelm, Jane Grey Cannon",1
1236,"Brooks, Stratton D. (Stratton Duluth) ; Hubbard, Marietta",1
1237,"Traill, H. D. (Henry Duff)",1
1238,"Royová, Kristína",1
1239,"Benson, B. K. (Blackwood Ketcham)",1
1240,"Henderson, G. F. R. (George Francis Robert)",1
1241,"Wade, J. H. (Joseph Henry) ; Wade, G. W. (George Woosung)",1
1242,"Cook, Herbert Frederick",1
1243,"Beston, Henry",1
1244,"Bredon, Juliet",1
1245,"Buehler, Huber Gray",1
1246,"Chaytor, H. J. (Henry John)",1
1247,"Mackay, Isabel Ecclestone",1
1248,"Harraden, Beatrice",1
1249,"Paris, John",1
1250,"Thayer, William Roscoe",1
1251,"Barry, J. G. H. (Joseph Gayle Hurd)",1
1252,"Bragdon, Claude Fayette",1
1253,"Phillips, Claude, Sir",1
1254,"Fields, James Thomas",1
1255,"Kenyon, Camilla",1
1256,"Hurst, Fannie",1
1257,"Ferrier, Susan",1
1258,"Norsworthy, Naomi ; Strayer, George D. (George Drayton)",1
1259,"Gurdon, P. R. T. (Philip Richard Thornhagh)",1
1260,"Gordon, S. D. (Samuel Dickey)",1
1261,"Cameron, Agnes Deans",1
1262,"Tucker, T. G. (Thomas George)",1
1263,"Fairbanks, Douglas",1
1264,"Barbusse, Henri",1
1265,"Arner, George B. Louis (George Byron Louis)",1
1266,"Redesdale, Algernon Bertram Freeman-Mitford, Baron",1
1267,"Shaw, Stanley",1
1268,"Collingwood, W. G. (William Gershom)",1
1269,"Oliver, Stephen",1
1270,"Kolb, E. L. (Ellsworth Leonardson)",1
1271,"Phillips, Mary Elizabeth",1
1272,"Watson, William",1
1273,"Shedd, William G. T. (William Greenough Thayer)",1
1274,"Wishart, Alfred Wesley",1
1275,"Tennent, James Emerson, Sir",1
1276,"Benson, Luther",1
1277,"Payn, James",1
1278,"Dingle, Edwin John",1
1279,"Armstrong, John ; Cooper, John Gilbert",1
1280,"Blackmore, Richard, Sir",1
1281,"Franklin, John",1
1282,"Kyne, Peter B. (Peter Bernard)",1
1283,"Jones, Henry, Sir",1
1284,"Conscience, Hendrik",1
1285,"Rogers, Samuel",1
1286,"Kready, Laura Fry",1
1287,"Patmore, Coventry",1
1288,"Holliday, Robert Cortes",1
1289,"Pease, Edward R. (Edward Reynolds)",1
1290,"Heiberg, Hermann",1
1291,"Cobban, J. Maclaren (James Maclaren)",1
1292,"Sewell, James Witt ; Baskervill, William Malone",1
1293,"Thurston, Katherine Cecil",1
1294,"Casserly, Gordon",1
1295,"Walpole, Horace",1
1296,"Latimer, Elizabeth Wormeley",1
1297,"Muir, M. M. Pattison (Matthew Moncrieff Pattison)",1
1298,"Potter, Beatrix",1
1299,"Gardner, E. C. (Eugene Clarence)",1
1300,"Haultain, Arnold",1
1301,"Brooke, Stopford A. (Stopford Augustus)",1
1302,"Lemaître, Jules",1
1303,"Smiles, Samuel",1
1304,"Runciman, John F.",1
1305,"Faraday, Michael",1
1306,Sophocles,1
1307,"Pryde, Anthony",1
1308,"Keable, Robert",1
1309,"Herford, C. H. (Charles Harold)",1
1310,"Murry, John Middleton",1
1311,"MacCulloch, J. A. (John Arnott)",1
1312,"Farrar, J. Maurice",1
1313,"Paley, William",1
1314,"Wilson, Woodrow",1
1315,"Sherley, Douglass",1
1316,"Ford, Ford Madox ; Conrad, Joseph",1
1317,"Minto, William",1
1318,"Edmundson, George",1
1319,"Paul, Herbert W. (Herbert Woodfield)",1
1320,"Mitchell, S. Weir (Silas Weir)",1
1321,"Schleich, Carl Ludwig",1
1322,"Johnson, Samuel",1
1323,"Hammond, Natalie Harris",1
1324,"Martin, W. A. P. (William Alexander Parsons)",1
1325,"Bibesco, Elizabeth",1
1326,"Falconer, Lanoe",1
1327,"Councilman, W. T. (William Thomas)",1
1328,"Beresford, J. D. (John Davys)",1
1329,"Pinero, Arthur Wing",1
1330,"Sleeman, W. H. (William Henry), Sir",1
1331,"Eyles, Leonora",1
1332,"Stein, Gertrude",1
1333,"Thackeray, William Makepeace ; Dickens, Charles",1
1334,"Abbot, Willis J. (Willis John)",1
1335,"Hood, Thomas",1
1336,"Barnes, Earl",1
1337,"Runciman, James",1
1338,"French, Sarah",1
1339,"Barnes, Charles J. (Charles Joseph) ; Hawkes, J. Marshall",1
1340,"Beers, Fannie A.",1
1341,"Lindsay, Maud",1
1342,"Claretie, Jules",1
1343,"Whistler, Charles W. (Charles Watts)",1
1344,Hildebrand,1
1345,"Fitch, Albert Parker",1
1346,"Clutton-Brock, A. (Arthur)",1
1347,"Fitch, Clyde",1
1348,"Esenwein, J. Berg (Joseph Berg) ; Carnegie, Dale",1
1349,"Bryant, William Cullen",1
1350,"Addison, Alvin",1
1351,"Miller, John",1
1352,"Pérez Escrich, Enrique",1
1353,"Chirol, Valentine, Sir",1
1354,"Watson, Virginia",1
1355,"Saint-Saëns, Camille",1
1356,"Knibbs, Henry Herbert",1
1357,"Clark, Bertha May",1
1358,"Stewart, Elinore Pruitt",1
1359,"Maurice, Arthur Bartlett",1
1360,"Baker, Karle Wilson",1
1361,"Smith, Alice Prescott",1
1362,"Mabie, Hamilton Wright",1
1363,"Dekker, Thomas",1
1364,"Marzials, Frank T. (Frank Thomas), Sir",1
1365,"Poynter, E. Frances (Eleanor Frances)",1
1366,"Overton, John Henry ; Abbey, Charles J. (Charles John)",1
1367,"Luckhoff, A. D. (August D.)",1
1368,"Willson, Arabella M.",1
1369,"Dorsey, Anna Hanson",1
1370,"Chapin, Anna Alice",1
1371,"Von Hutten, Bettina",1
1372,"Gower, Ronald Sutherland, Lord",1
1373,"Surtees, Robert Smith",1
1374,"Beard, Charles A. (Charles Austin) ; Beard, Mary Ritter",1
1375,Lydia E. Pinkham Medicine Company,1
1376,"Lautréamont, comte de",1
1377,"Clarke, Michael ; Homer",1
1378,"Hastings, Milo ; Lashin, Orrie",1
1379,"Harrison, Jane Ellen",1
1380,"Leavitt, Lydia",1
1381,"Hauptmann, Gerhart",1
1382,"Barrows, E. P. (Elijah Porter)",1
1383,"Jessup, Henry Harris",1
1384,"Bennion, Adam S. (Adam Samuel)",1
1385,"Stratton, Clarence",1
1386,"Hilbert, David",1
1387,"Montgomery, D. H. (David Henry)",1
1388,"Franklin, Fabian",1
1389,"Wilson, Anna May",1
1390,"Yates, Dornford",1
1391,"Bain, Alexander",1
1392,"Fiske, Bradley A. (Bradley Allen)",1
1393,"Patrick, Mary Mills",1
1394,"Tupper, Martin Farquhar",1
1395,"Cope, Henry Frederick",1
1396,"Pearson, Francis B. (Francis Bail)",1
1397,"Montagu, Mrs. (Elizabeth) ; Lyttelton, George Lyttelton, Baron",1
1398,"Dubut de Laforest, Jean-Louis",1
1399,"Seignobos, Charles",1
1400,"Austen-Leigh, James Edward",1
1401,"Warner, Susan ; Warner, Anna Bartlett",1
1402,"Mignet, M. (François-Auguste-Marie-Alexis)",1
1403,"Duff Gordon, Lucie, Lady",1
1404,"Godley, A. D. (Alfred Denis)",1
1405,"Esenwein, J. Berg (Joseph Berg) ; Leeds, Arthur",1
1406,"Babcock, Retta B.",1
1407,"Hensley, Sophia Margaretta",1
1408,"Ward, Wilfrid, Mrs.",1
1409,"Silberrad, Una L.",1
1410,"Apperson, George Latimer",1
1411,"Kelman, John",1
1412,"Hutton, Richard Holt",1
1413,"Barron, Clarence W. (Clarence Walker)",1
1414,"Hapgood, Isabel Florence",1
1415,"Marks, Jeannette Augustus",1
1416,"Hovey, Richard ; Carman, Bliss",1
1417,"Bandelier, Adolph Francis Alphonse",1
1418,"Harrison, Frederic",1
1419,"Bean, C. E. W. (Charles Edwin Woodrow)",1
1420,"Baldwin, James",1
1421,"Murger, Henri",1
1422,"Mercer, John Edward",1
1423,"Birdsall, Ralph",1
1424,"Gunnison, Charles A.",1
1425,"Jacobs, W. W. (William Wymark) ; Rock, Charles",1
1426,"Ward, Maisie",1
1427,"Dunbar-Nelson, Alice Moore",1
1428,"Raine, Allen",1
1429,"Walters, Francis M. (Francis Marion)",1
1430,"De Wet, Christiaan Rudolf",1
1431,"Morison, James Cotter",1
1432,"Waugh, Alec",1
1433,"Smith, Preserved",1
1434,"O'Brien, Jack",1
1435,"Gilbert, Rosa M. (Rosa Mulholland)",1
1436,"Romanes, George John",1
1437,"Brady, Jasper Ewing ; Hill, John A. (John Alexander)",1
1438,"Mitchell, Edmund",1
1439,"Robertson, W. G. Aitchison (William George Aitchison )",1
1440,"Weygandt, Cornelius",1
1441,"Collier, Price",1
1442,"Grenfell, Wilfred Thomason, Sir",1
1443,"Raphael, Rick",1
1444,"Gleason, Helen Hayes ; Gleason, Arthur",1
1445,"Walsh, J. M. (James Morgan)",1
1446,"Morrison, George Ernest",1
1447,"Rossetti, Christina Georgina",1
1448,"Alger, William Rounseville",1
1449,"McIlwraith, Jean N. (Jean Newton)",1
1450,"Crosby, Ernest",1
1451,"Sanborn, Kate",1
1452,Jarro,1
1453,"Kirby, W. F. (William Forsell)",1
1454,"West, Jane",1
1455,"Popenoe, Paul ; Johnson, Roswell H. (Roswell Hill)",1
1456,"Quayle, William A. (William Alfred)",1
1457,"Cooper, Elizabeth",1
1458,"Lawrence, George A. (George Alfred)",1
1459,"Greene, Sarah Pratt McLean",1
1460,"MacGill, Patrick",1
1461,"Willoughby, Barrett",1
1462,"Brown, P. Hume (Peter Hume)",1
1463,"Harben, Will N. (Will Nathaniel)",1
1464,"Kellogg, John Harvey",1
1465,"Hayward, Rachel",1
1466,"Stephens, C. A. (Charles Asbury)",1
1467,"Duncan, Norman",1
1468,"Trowbridge, J. T. (John Townsend)",1
1469,"Stimson, Frederic Jesup",1
1470,"Grimm, Jacob ; Grimm, Wilhelm",1
1471,"Tytler, Sarah",1
1472,"Cooper, Courtney Ryley",1
1473,"Blore, George Henry",1
1474,"Tynan, Katharine",1
1475,"Osborne, Duffield",1
1476,"Betts, George Herbert",1
1477,"Brooks, David Marshall",1
1478,"Korinek, Charles James",1
1479,"Sheehan, Patrick Augustine",1
1480,"Wright, Willard Huntington ; Nathan, George Jean ; Mencken, H. L. (Henry Louis)",1
1481,"Paine, Harriet E. (Harriet Eliza)",1
1482,"Coppée, François",1
1483,"James, M. R. (Montague Rhodes)",1
1484,"Lecky, William Edward Hartpole",1
1485,"James, Lionel",1
1486,Cheiro,1
1487,"Baldwin, James Mark",1
1488,"Barrett, Charles Raymond",1
1489,"Smart, Hawley",1
1490,"Orzeszkowa, Eliza",1
1491,"Robinson, Forbes",1
1492,"Elson, Arthur",1
1493,"Audoux, Marguerite",1
1494,"MacGregor, Morris J.",1
1495,"Sell, Edward",1
1496,"Seely, Herman Gastrell",1
1497,"Arana Xajilá, Francisco Hernández",1
1498,"Mivart, St. George Jackson",1
1499,"Noyes, William",1
1500,"Barnett, Evelyn Snead",1
1501,"Antin, Mary",1
1502,"Fergusson, Harvey",1
1503,"Trench, Richard Chenevix",1
1504,"Dillon, Mary (Mary C. Johnson)",1
1505,"Guthrie, Thomas",1
1506,"Machado de Assis ; Albuquerque, Medeiros e ; Coelho Netto, Henrique ; Dolores, Carmen",1
1507,"Bates, E. Katherine (Emily Katherine)",1
1508,"Walter, Eugene ; Hornblow, Arthur",1
1509,"Wilson, Theodore P.",1
1510,"Hough, Lewis",1
1511,"Michelson, Miriam",1
1512,"Mayne, Ethel Colburn",1
1513,"Elliott, James, Sir",1
1514,"Arnot, William",1
1515,"Shairp, John Campbell",1
1516,"Morier, James Justinian",1
1517,"Kent, Charles",1
1518,"Morse, John T., Jr. (John Torrey)",1
1519,"Allen, William H. (WIlliam Harvey)",1
1520,"Daniel, Mooshie G.",1
1521,"Shaw, Wilfred Byron",1
1522,"Bent, J. Theodore (James Theodore) ; Bent, Theodore, Mrs.",1
1523,"Howard, Edward",1
1524,"Eliot, T. S. (Thomas Stearns)",1
1525,"Hall, Charles Winslow",1
1526,"Cummings, Ray",1
1527,"Cheyney, Edward Potts",1
1528,"Cory, William Johnson",1
1529,"Barnes, William",1
1530,"Gomme, George Laurence",1
1531,"Caird, Mona",1
1532,"Rhodes, Kathlyn",1
1533,"Barbour, A. Maynard (Anna Maynard)",1
1534,"Jacobs, Caroline Elliott Hoogs ; Read, Edyth Ellerbeck",1
1535,"Courtenay, Calista McCabe",1
1536,"Potter, Margaret Horton",1
1537,"Knowles, Robert E. (Robert Edward)",1
1538,"Smith, Grafton Elliot",1
1539,"White, Grace Miller",1
1540,"Delany, Martin Robison",1
1541,"Stewart, Charles D. (Charles David)",1
1542,"Lanciani, Rodolfo Amedeo",1
1543,"Stratemeyer, Edward",1
1544,"Cumont, Franz",1
1545,"Anderson, Poul",1
1546,"Standish, Burt L.",1
1547,"Murray, David Christie",1
1548,"Black, Margaret Moyes",1
1549,"Zerbe, James Slough",1
1550,"Janifer, Laurence M. ; Garrett, Randall",1
1551,"Fort, Charles",1
1552,"Wilson, John Dover",1
1553,"Sampson, Emma Speed",1
1554,"Mighels, Philip Verrill",1
1555,"Bourinot, John George",1
1556,"Day, Holman",1
1557,"Palliser, Bury, Mrs.",1
1558,Brillat-Savarin,1
1559,"Apjohn, Fannie Louise",1
1560,"Williams, Howard",1
1561,"Weinbaum, Stanley G. (Stanley Grauman)",1
1562,"Widdemer, Margaret",1
1563,"Whitman, Stephen French",1
1564,"Ginther, Pemberton",1
1565,"Abbey, Henry",1
1566,Boethius,1
1567,"Cutten, George Barton",1
1568,"Holt, Emily Sarah",1
1569,"Brackett, Anna C. (Anna Callender)",1
1570,"Young, Rose E. (Rose Emmet)",1
1571,"Ainsworth, William Harrison",1
1572,"Cordeiro, Manoel Caldas",1
1573,"Crane, Thomas Frederick",1
1574,Plutarch,1
1575,"Lippmann, Julie M.",1
1576,"Lorimer, Norma",1
1577,"Winter, Alice Ames",1
1578,"Chesterton, Cecil",1
1579,"Green, Percy B.",1
1580,"Bailey, John Cann",1
1581,"Stoddard, Lothrop",1
1582,"Boreham, Frank",1
1583,"Abbott, Jacob",1
1584,"Bennett, Ethel Hume",1
1585,"Becke, Louis",1
1586,"Amott, Lennox",1
1587,"Sanchez, Nellie Van de Grift",1
1588,"Kohl, Edith Eudora",1
1589,"Hyde, William De Witt",1
1590,"Von Wald, E. G.",1
1591,"Beeckman, Ross",1
1592,"Harris, Joel Chandler",1
1593,"Byrne, Mary Agnes",1
1594,"Johnson, Charles, active 1724-1731",1
1595,"Child, Richard Washburn",1
1596,"Muzzey, A. B. (Artemas Bowers)",1
1597,"Griggs, Sutton E. (Sutton Elbert)",1
1598,"Younger, Cole",1
1599,"Watson, Eugene Winslow ; Greene, Samuel Dana ; Ramsay, H. Ashton ; Worden, John Lorimer",1
1600,"Stowe, Lyman Beecher ; Scott, Emmett J. (Emmett Jay)",1
1601,"Whistler, James McNeill",1
1602,"Egan, W. C. (William Constantine)",1
1603,"Westcott, Allan F. (Allan Ferguson) ; Stevens, William Oliver",1
1604,"Nicoll, Maurice",1
1605,"Gilbert, Paul T. (Paul Thomas)",1
1606,"Anderson, Thomas",1
1607,"Dawson, Sarah Morgan",1
1608,"Viljoen, Ben J. (Ben Johannis)",1
1609,"Perry, Ralph Barton",1
1610,"Chodzko, Alexander",1
1611,"Tuckwell, William",1
1612,"Cox, Irving E.",1
1613,"Ashford, Angela ; Ashford, Daisy",1
1614,"Lynch, Lawrence L.",1
1615,"Brooks, Virginia",1
1616,"Sullivan, Alan",1
1617,"Bottome, Phyllis",1
1618,"Still, A. T. (Andrew Taylor)",1
1619,"Guiccioli, Teresa, contessa di",1
1620,"Fitzgerald, Percy ; Dickens, Charles",1
1621,"Jacobs, Joseph",1
1622,"Baldwin, Gerald R. (Gerald Robert)",1
1623,"Reynolds, Stephen Sydney",1
1624,"Marcosson, Isaac Frederick ; Frohman, Daniel",1
1625,"Candee, Helen Churchill",1
1626,"Beal, W. J. (William James)",1
1627,"Lermina, Jules",1
1628,"Lincoln, Abraham",1
1629,"Machiavelli, Niccolò",1
1630,"Baird, Jean K. (Jean Katherine)",1
1631,"Lee, Gerald Stanley",1
1632,"Laboulaye, Édouard",1
1633,"Young, Charles L. (Charles Lawrence), Sir ; Le Fanu, Joseph Sheridan",1
1634,"Farrow, G. E. (George Edward)",1
1635,"Peterson, Margaret",1
1636,"Hawkes, Ernest William",1
1637,"Cromie, Robert",1
1638,"Wollstonecraft, Mary",1
1639,"Porter, Linn Boyd",1
1640,"O'Donnell, Elliott",1
1641,"Pendexter, Hugh",1
1642,"Coward, Noel",1
1643,"Palma, Rafael",1
1644,"Tulloch, John",1
1645,"Taylor, James Hudson",1
1646,"Quiller-Couch, Mabel",1
1647,"Warren, John Collins",1
1648,"Ball, W. W. Rouse (Walter William Rouse)",1
1649,"Combs, Josiah Henry ; Shearin, Hubert G. (Hubert Gibson)",1
1650,"Bury, G. Wyman (George Wyman)",1
1651,"Scott, G. Firth",1
1652,"Fisher, Peter",1
1653,"White, Gleeson",1
1654,"Brown, John",1
1655,"Smith, Lewis Worthington",1
1656,"Harley, Timothy",1
1657,"Eggleston, Margaret W. (Margaret White)",1
1658,"Ball, Robert S. (Robert Stawell)",1
1659,"Bosboom-Toussaint, A. L. G. (Anna Louisa Geertruida)",1
1660,"Silverberg, Robert",1
1661,"Sargent, Epes",1
1662,"Acton, John Emerich Edward Dalberg Acton, Baron",1
1663,"McCarter, Margaret Hill",1
1664,"Sullivan, Francis William",1
1665,"Reid, Stuart J. (Stuart Johnson)",1
1666,"Braybrooke, Patrick",1
1667,"Davis, William Stearns",1
1668,"Du Veuzit, Max ; Nunès, Robert",1
1669,"Forbes, F. A. (Frances Alice)",1
1670,"Porges, Arthur",1
1671,"Allain, Marcel ; Souvestre, Pierre",1
1672,"Dalton, O. M. (Ormonde Maddock)",1
1673,"Campbell, Alice",1
1674,"Pardo de Tavera, T. H. (Trinidad Hermenegildo)",1
1675,"Dutt, William A. (William Alfred)",1
1676,"Chappuis, Herman Théodore",1
1677,"Miller, Olive Thorne",1
1678,"Seeley, Levi",1
1679,"Norton, Brayton",1
1680,"Müller, Michael",1
1681,"Parker, Eric",1
1682,"Wells, David Dwight",1
1683,"Simonds, Frank H. (Frank Herbert)",1
1684,"Newton, Isaac",1
1685,"Campbell, Helen",1
1686,"Hobhouse, L. T. (Leonard Trelawny)",1
1687,"Comenius, Johann Amos",1
1688,"Haigh, Richard",1
1689,"Browne, J. Ross (John Ross)",1
1690,"Baker, Sarah S. (Sarah Schoonmaker)",1
1691,"Bettany, G. T. (George Thomas)",1
1692,"Watson, H. B. Marriott (Henry Brereton Marriott)",1
1693,"Sidgwick, Alfred, Mrs.",1
1694,"Baily, Waldron",1
1695,"Park, Robert Ezra ; Burgess, E. W. (Ernest Watson)",1
1696,"Brown, Ritter",1
1697,"Dunn, J. Allan, (Joseph Allan)",1
1698,H. D. (Hilda Doolittle),1
1699,"MacGregor, Mary Esther Miller",1
1700,"Carra de Vaux, Bernard",1
1701,"Pyle, Howard",1
1702,"Dodge, Mary Mapes",1
1703,"Rand, Ayn",1
1704,"Sayce, Conrad H. (Conrad Harvey)",1
1705,"Shea, Robert",1
1706,"Harris, Credo Fitch",1
1707,"Menant, Delphine",1
1708,"Diffin, Charles Willard",1
1709,"Caxton, William",1
1710,"Rihani, Ameen Fares",1
1711,"Leamy, Edmund",1
1712,"Avery, Harold",1
1713,"Carmichael, Amy",1
1714,"Miller, Hugh",1
1715,"Harrison, Harry",1
1716,"Ogden, Henry N. (Henry Neely)",1
1717,"Hall, Holworthy",1
1718,"Ryan, Marah Ellis",1
1719,"Bechdolt, Frederick R. (Frederick Ritchie)",1
1720,"Geddie, John",1
1721,"Sherwood, Mary Martha",1
1722,"Priestley, Joseph",1
1723,"Jacobi, Carl",1
1724,"Witwer, H. C. (Harry Charles)",1
1725,"Murray, David",1
1726,"Houssay, Frédéric",1
1727,"Washburne, Carleton",1
1728,"Rauschenbusch, Walter",1
1729,"Holt, Hamilton",1
1730,"Richardson, Samuel",1
1731,"Hartley, C. Gasquoine (Catherine Gasquoine)",1
1732,"Haldeman, Isaac Massey",1
1733,"Cooke, M. C. (Mordecai Cubitt)",1
1734,"Ellanby, Boyd",1
1735,"Smith, David Nichol",1
1736,"McHugh, Augustin ; Currie, Barton Wood",1
1737,"Valera, Juan",1
1738,"Kelly, Eleanor Mercein",1
1739,"MacMahon, Henry",1
1740,"Berryman, John",1
1741,"Stocking, Charles Francis",1
1742,"More, Henry",1
1743,"Whitaker, Evelyn",1
1744,"Livingston, Armstrong",1
1745,"Crump, Irving",1
1746,"Brownell, Gertrude Hall",1
1747,"Bunner, H. C. (Henry Cuyler)",1
1748,"Setoun, Gabriel",1
1749,"Disraeli, Isaac",1
1750,"Moody, Dwight Lyman",1
1751,"Bernstorff, Johann Heinrich, Graf von",1
1752,"Slesar, Henry",1
1753,"Durham, W. H. (Willard Higley) ; Pierce, F. E. (Frederick Erastus) ; MacCracken, H. N. (Henry Noble)",1
1754,"Dewey, John ; Dewey, Harriet Alice Chipman",1
1755,"Church, R. W. (Richard William)",1
1756,"Asquith, Margot",1
1757,"Griswold, Hattie Tyng",1
1758,"Jusserand, J. J. (Jean Jules)",1
1759,"Kennan, George",1
1760,"Woodworth, Robert Sessions",1
1761,"Dunton, Edith K. (Edith Kellogg)",1
1762,"London, Jack ; Walling, Anna Strunsky",1
1763,"Buckland, E. S. Lang (Ernest Segar Lang)",1
1764,"Brown, Paul Cameron",1
1765,"Gorman, J. C. (John C.)",1
1766,"Greenaway, Kate",1
1767,"Hofmannsthal, Hugo von",1
1768,"Guernsey, Henry N. (Henry Newell)",1
1769,"Bryce, James Bryce, Viscount",1
1770,"Rossetti, William Michael",1
1771,"Doesticks, Q. K. Philander",1
1772,"Fillmore, Parker",1
1773,"Martin, Frances",1
1774,"Martin, George Madden",1
1775,"Castlemon, Harry",1
1776,"Ironside, John",1
1777,"Cummins, Maria S. (Maria Susanna)",1
1778,"Langdon, Stephen",1
1779,"Gade, John A. (John Allyne)",1
1780,"Borland, Robert",1
1781,"Dick, Philip K.",1
1782,"Leffingwell, Albert",1
1783,"Munroe, Kirk ; Wheeler, A. C. (Andrew Carpenter) ; Lockwood, Ingersoll ; Fawcett, Edgar ; Thompson, Maurice ; Stockton, Frank R. ; Smith, Brainard Gardner ; Harland, Henry ; Green, Anna Katharine ; Fyles, Franklin ; Miller, Joaquin",1
1784,"Ames, Joseph Bushnell",1
1785,"Linton, E. Lynn (Elizabeth Lynn)",1
1786,"Rhoades, Nina",1
1787,"Trafton, Adeline",1
1788,"James, Bartlett Burleigh",1
1789,"Hutchinson, W. N. (William Nelson) ; Dinks ; Mayhew, Edward",1
1790,"Carroll, Mitchell",1
1791,"Brittain, Alfred",1
1792,"Marquis, Reina Melcher",1
1793,"Murphy, Emily F. (Emily Ferguson)",1
1794,"Pollard, Edward B.",1
1795,"Erskine, Payne",1
1796,"Burton, Richard",1
1797,"Dahn, Felix",1
1798,"Hauser, Heinrich",1
1799,"Drayson, Alfred W. (Alfred Wilks)",1
1800,"Campbell, Charles",1
1801,"Macpherson, Hector",1
1802,"Rhodes, Eugene Manlove",1
1803,"Manson, George J.",1
1804,"Wood, Irving Francis ; Hall, Newton Marshall",1
1805,"Wolf, Mari",1
1806,"Hurlbut, Jesse Lyman",1
1807,"Senancour, Etienne Pivert de",1
1808,"Müller, F. Max (Friedrich Max)",1
1809,"Ordway, Edith B. (Edith Bertha)",1
1810,"Russell, John",1
1811,"Sawyer, Ruth",1
1812,"Cartwright, S. E.",1
1813,"Ottolengui, Rodrigues",1
1814,"Madison, Lucy Foster",1
1815,"Wentworth, G. A. (George Albert)",1
1816,"Balmer, Edwin ; MacHarg, William",1
1817,"Brown, Ivor John Carnegie",1
1818,"Ovington, Mary White",1
1819,"O'Brien, Howard Vincent",1
1820,"Weyl, Walter E. (Walter Edward)",1
1821,"Jones, Jenkins Lloyd",1
1822,"Miller, Joaquin",1
1823,"Scharff, R. F. (Robert Francis)",1
1824,"Goodrich, Samuel G. (Samuel Griswold)",1
1825,"Compton-Rickett, Arthur",1
1826,"Candler, Edmund",1
1827,"Franklin, Edgar",1
1828,"Bailey, Florence Merriam",1
1829,"Carman, Bliss",1
1830,"Hill, Headon",1
1831,"Palmieri, Luigi",1
1832,"Smith, Arthur H.",1
1833,"Chatfield-Taylor, H. C. (Hobart Chatfield)",1
1834,"Call, Frank Oliver",1
1835,"Gjellerup, Karl",1
1836,"Long, John Luther",1
1837,"Maclean, Norman",1
1838,"Bloundelle-Burton, John",1
1839,"Heyse, Paul",1
1840,"Elliott, Francis Perry",1
1841,"Munn, Charles Clark",1
1842,"Wood, Charles W. (Charles William)",1
1843,"Paine, Albert Bigelow",1
1844,"Perrault, Charles",1
1845,"Marx, Magdeleine",1
1846,"Housman, Clemence",1
1847,"Keene, S. F., Mrs.",1
1848,"Dill, Samuel",1
1849,"Lindley, H. Esselstyn",1
1850,"Eaton, Walter Prichard",1
1851,"Jordan, Edwin O. (Edwin Oakes)",1
1852,"Madden, Eva Annie",1
1853,"Young, George",1
1854,"Devereux, Mary",1
1855,"Hutcheson, John C. (John Conroy)",1
1856,"Joyce, P. W. (Patrick Weston)",1
1857,"Spalding, John Lancaster",1
1858,"Waller, Mary E. (Mary Ella)",1
1859,"Tarn, W. W. (William Woodthorpe)",1
1860,"Harvey, E. Newton (Edmund Newton)",1
1861,"Baker, Cornelia",1
1862,"Eastman, Charles A.",1
1863,"Keller, Gottfried",1
1864,"Blatchford, Robert",1
1865,"Trevena, John",1
1866,"Gardiner, Samuel Rawson",1
1867,"Kobbé, Gustav",1
1868,"Higginson, Ella",1
1869,"Prichard, Katharine Susannah",1
1870,"Blease, W. Lyon (Walter Lyon)",1
1871,"Davis, Owen",1
1872,"Robinson, Victor",1
1873,"Sherrill, Charles Hitchcock",1
1874,"Chisholm, A. M. (Arthur Murray)",1
1875,"Anderson, Benjamin M. (Benjamin McAlester)",1
1876,"Wade, Martin J. (Martin Joseph) ; Russell, William F. (William Fletcher)",1
1877,"Savile, Frank (Frank Mackenzie)",1
1878,"Webster, Wentworth",1
1879,"Walker, Henry de Rosenbach",1
1880,"Reed, Helen Leah",1
1881,"Lehmann, R. C. (Rudolf Chambers)",1
1882,"Yerta, Gabrielle ; Méléra, Marguerite-Yerta",1
1883,"Eckstorm, Fannie Hardy",1
1884,"Vasconcellos, Henrique de",1
1885,"Hamilton, Cosmo",1
1886,"Wright, Dudley",1
1887,"Hackett, Francis",1
1888,"Poel, William",1
1889,"Fitch, George Hamlin",1
1890,"Tille, Václav",1
1891,"Lowe, Orton",1
1892,"Pain, Barry",1
1893,"Herbert, A. P. (Alan Patrick)",1
1894,"Kent, Elizabeth",1
1895,Peer,1
1896,"Ward, Mrs.",1
1897,"MacLean, J. P. (John Patterson)",1
1898,"MacClintock, Porter Lander",1
1899,"Cruickshank, Alfred Hamilton",1
1900,"Harris, William Cornwallis, Sir",1
1901,"Williams, Jesse Lynch",1
1902,"Whitman, Walt ; Gilchrist, Anne (Anne Burrows)",1
1903,"Pratt, Parley P. (Parley Parker)",1
1904,"Murray, Gilbert",1
1905,"Pollard, Alfred W. (Alfred William)",1
1906,"MacDonald, Daniel J.",1
1907,"Allen, Frank Waller",1
1908,"Heath, Thomas Little, Sir",1
1909,"Glazier, Willard W.",1
1910,"Tappan, Eva March",1
1911,"Orcutt, William Dana",1
1912,"Doyle, C. W. (Charles William)",1
1913,"Austin, Caroline",1
1914,"Howard, Blanche Willis",1
1915,"Noyes, John Humphrey",1
1916,"Thurston, Edgar",1
1917,"Ingram, John Henry",1
1918,"Wilson, Christopher",1
1919,"Ringrose, Hyacinthe",1
1920,"Enault, Louis",1
1921,"Crawford, Jack Randall",1
1922,"Dorrance, E. S. (Ethel Smith) ; Dorrance, James French",1
1923,"Davey, Richard",1
1924,"Chase, Allan",1
1925,"Starr, Frederick",1
1926,"Slattery, Margaret",1
1927,"McCarthy, Justin",1
1928,"Helper, Hinton Rowan",1
1929,"Edwards, Harry Stillwell",1
1930,"Patmore, P. G. (Peter George)",1
1931,"Strang, Lewis Clinton",1
1932,"Ritchie, Anne Thackeray",1
1933,"Burpee, Lawrence J. (Lawrence Johnstone)",1
1934,"Walker, Hugh",1
1935,"Oliphant, Laurence",1
1936,"Holcombe, William H. (William Henry)",1
1937,"Warder, Geo. W. (George Woodward)",1
1938,"Cody, H. A. (Hiram Alfred)",1
1939,"Pennell, Joseph ; Pennell, Elizabeth Robins",1
1940,"Ford, Paul Leicester",1
1941,"Ruck, Berta",1
1942,"Howe, Julia Ward",1
1943,"Kneeland, George J. (George Jackson)",1
1944,"Daggett, Mary Stewart",1
1945,"Jacks, L. P. (Lawrence Pearsall)",1
1946,"Crastre, François",1
1947,"Hadow, Grace E. (Grace Eleanor)",1
1948,"Baker, George Pierce",1
1949,"Glanville, Ernest",1
1950,"Jowett, John Henry",1
1951,"Hill, James Langdon",1
1952,"Massenet, Jules",1
1953,"Larsen, Hanna Astrup",1
1954,Yale University. Divinity School,1
1955,"Bradley, A. C. (Andrew Cecil)",1
1956,"Hillern, Wilhelmine von",1
1957,"Ehrenstein, Albert",1
1958,"Blind, Mathilde",1
1959,"Franzos, Karl Emil",1
1960,"Gerard, Louise",1
1961,"Lamprey, Louise",1
1962,"Conwell, Russell H.",1
1963,"Miller, Florence Fenwick",1
1964,"Underwood, J. L. (John Levi)",1
1965,"Severance, Frank H. (Frank Hayward)",1
1966,"Ratcliffe, Dorothy Una",1
1967,"Stuart, Muriel",1
1968,"Maizeroy, René",1
1969,"Beecham, John Charles",1
1970,"Lane-Poole, Stanley",1
1971,"Peretz, Isaac Loeb",1
1972,"Hopper, James",1
1973,"Coulton, G. G. (George Gordon)",1
1974,"Prindle, Frances Carruth",1
1975,"Ker, W. P. (William Paton)",1
1976,"Rae, John",1
1977,"MacKeracher, William M. (William Mackay)",1
1978,"Steinheil, Marguerite",1
1979,"Hervey, Arthur",1
1980,"Cullen, Clarence Louis",1
1981,"Kilner, Mary Ann",1
1982,"Ferguson, Robert",1
1983,"Lightfoot, J. B. (Joseph Barber)",1
1984,"Williams, H. Noel (Hugh Noel)",1
1985,"Kraszewski, Józef Ignacy",1
1986,"Pope, Alexander ; Gay, John ; Arbuthnot, John",1
1987,"Smith, David Eugene",1
1988,"Baldwin, Faith",1
1989,"Price, William H.",1
1990,"Pu, Songling",1
1991,"Morrison, Arthur",1
1992,"Williams, Wayland Wells",1
1993,"Merington, Marguerite",1
1994,"Rice, Harvey",1
1995,"Nassau, Robert Hamill",1
1996,"Sawyer, Frederic H.",1
1997,"Berlioz, Hector",1
1998,"Penny, F. E. (Fanny Emily)",1
1999,"Ingleby, Leonard Cresswell",1
2000,"Chesson, W. H. (Wilfrid Hugh)",1
2001,"Wilkins, Louisa Jebb",1
2002,"Lyman, Olin L. (Olin Linus)",1
2003,"Johnson, Stanley C. (Stanley Currie)",1
2004,"Frith, Henry",1
2005,"Thomson, Basil",1
2006,"Schele de Vere, M. (Maximilian)",1
2007,"Clark, Ellery H. (Ellery Harding)",1
2008,"Macy, John Albert",1
2009,"Day, Lal Behari",1
2010,"Hardekopf, Ferdinand",1
2011,"Brunton, Mary",1
2012,"Seaman, Augusta Huiell",1
2013,"Moberly, L. G. (Lucy Gertrude)",1
2014,"Karr, Alphonse",1
2015,"Storm, Marian",1
2016,"Allbut, Robert",1
2017,"Thorndike, Ashley Horace",1
2018,"Adler, Felix",1
2019,"Bates, Katharine Lee",1
2020,"Phillips, Ethel Calvert",1
2021,"Platt, William ; Platt, William, Mrs.",1
2022,"Fletcher, John Gould",1
2023,"Field, Henry M. (Henry Martyn)",1
2024,"Crothers, Samuel McChord",1
2025,"Clarke, Helen A. (Helen Archibald)",1
2026,"Munthe, Axel",1
2027,"Vincent, James Edmund",1
2028,"Drake, Samuel Adams",1
2029,"Thomson, J. Arthur (John Arthur)",1
2030,"Millingen, J. G. (John Gideon)",1
2031,"Peck, Harry Thurston",1
2032,"Kellogg, Vernon L. (Vernon Lyman)",1
2033,"O'Reilly, Elizabeth Boyle",1
2034,"Wildridge, T. Tindall (Thomas Tindall)",1
2035,"Hare, Augustus J. C. (Augustus John Cuthbert)",1
2036,"Adam, Paul",1
2037,"Cobbold, Richard",1
2038,"Gilson, Charles",1
2039,"McKeever, William A. (William Arch)",1
2040,"Macgowan, J. (John)",1
2041,"Barbellion, W. N. P.",1
2042,"Rydberg, Viktor",1
2043,"Kerr, W. A. (William Alexander)",1
2044,"Hutton, Laurence",1
2045,"Knight, E. F. (Edward Frederick)",1
2046,"Fea, Allan",1
2047,Gyp,1
2048,"Cary, Elisabeth Luther",1
2049,"Bashford, H. H. (Henry Howarth), Sir",1
2050,"Tanner, Thomas Hawkes",1
2051,"Cook, Emily Constance Baird",1
2052,"Marshall, Archibald",1
2053,"Pangborn, Edgar",1
2054,"Russell, A. P. (Addison Peale)",1
2055,"Scott, John Reed",1
2056,"Hirst, W. A. (William Alfred)",1
2057,"Flynt, Josiah",1
2058,"Jeaffreson, John Cordy",1
2059,"Opie, Amelia",1
2060,"Brooks, Sarah Warner",1
2061,"Pound, Ezra",1
2062,"Rand, Edward A. (Edward Augustus)",1
2063,"Rihbany, Abraham Mitrie",1
2064,"MacRitchie, David",1
2065,"Fox, Frank",1
2066,"Linebarger, Paul Myron Anthony",1
2067,"Riggs, Arthur Stanley",1
2068,"Harris, Miriam Coles",1
2069,"Whitlock, Brand",1
2070,"Eckenstein, Lina",1
2071,"Gandhi, Mahatma",1
2072,"Rosen, Erwin",1
2073,"Fosdick, Harry Emerson",1
2074,"Wynter, Andrew",1
2075,"Everett-Green, Evelyn",1
2076,"Kahn, Fritz",1
2077,"Smith, Ruel Perley",1
2078,"Johnston, Harold Whetstone",1
2079,"Quick, Herbert",1
2080,"Conant, Charles A. (Charles Arthur)",1
2081,"Montrésor, F. F. (Frances Frederica)",1
2082,"Eeden, Frederik van",1
2083,"Winks, W. E. (William Edward)",1
2084,"Conway, Moncure Daniel",1
2085,"Libby, Walter",1
2086,"Blumentritt, Ferdinand",1
2087,"Hungerford, Edward",1
2088,"Kyle, George A. (George Alexander)",1
2089,"Ross, Albert",1
2090,"Megrue, Roi Cooper ; Martyn, Wyndham",1
2091,"Marie, Queen, consort of Ferdinand I, King of Romania",1
2092,"Williams, Alfred",1
2093,"Remington, Frederic",1
2094,"Scoville, Samuel",1
2095,"De Vere, Aubrey",1
2096,"Roberts, Theodore Goodridge",1
2097,"Casey, Patrick ; Casey, Terence",1
2098,"Thomas, William S.",1
2099,"Hays, Mary",1
2100,"Griffith, Helen Sherman",1
2101,"Durkheim, Émile",1
2102,"Bensusan, S. L. (Samuel Levy)",1
2103,"Feehan, Mary Edward",1
2104,"Lagerlöf, Selma",1
2105,"Flecker, James Elroy",1
2106,"Lewis, Dio",1
2107,"Atkinson, William Walker",1
2108,"Bingham, Kate Boyles ; Boyles, Virgil D. (Virgil Dillin)",1
2109,"Hunt, Violet",1
2110,"Macdonell, Arthur Anthony",1
2111,"Whitehead, Alfred North",1
2112,"Thornbury, Walter",1
2113,"Ford, Richard",1
2114,"Hamilton, Walter",1
2115,"Hind, C. Lewis (Charles Lewis)",1
2116,"Shepard, Edward Morse",1
2117,"Butler, Elizabeth (Elizabeth Southerden Thompson)",1
2118,"Baldry, A. L. (Alfred Lys)",1
2119,"Tyler, John M. (John Mason)",1
2120,"Thompson, Maurice ; Conway, Hugh",1
2121,"Allnutt, Sidney",1
2122,"Field, Cyril",1
2123,"Fleming, Walter L. (Walter Lynwood)",1
2124,"Colvin, Sidney",1
2125,"Gribble, Francis Henry",1
2126,"Saleeby, Najeeb M. (Najeeb Mitry)",1
2127,"Douglas, James",1
2128,"Pease, Howard",1
2129,"Whyte, Christina Gowans",1
2130,"Lajpat Rai, Lala",1
2131,"Lane, John, Mrs.",1
2132,"Hay, George",1
2133,"Figuier, Louis",1
2134,"Costantini, Anna Miller",1
2135,"Gascoyne-Cecil, William ; Cecil, Florence Mary (Bootle-Wilbraham), Lady",1
2136,"Perry, Arthur Latham",1
2137,"Lockwine, Alexandra Agusta Guttman",1
2138,"Casson, Herbert Newton",1
2139,"Platts, John",1
2140,"Jenkins, Elinor",1
2141,"Longfellow, Marian",1
2142,"Reber, Franz von",1
2143,"Johnstone, Arthur",1
2144,"Gibson, Henry H.",1
2145,"Bradley, A. G. (Arthur Granville)",1
2146,"Macklin, Alys Eyre",1
2147,"Converse, Florence",1
2148,"Majors, Alexander",1
2149,"Hart, Albert Bushnell",1
2150,"Williamson, A. M. (Alice Muriel)",1
2151,"Armistead, Wilson",1
2152,"McCall, Sidney",1
2153,"Marlitt, E. (Eugenie)",1
2154,"Koebel, W. H. (William Henry)",1
2155,"Holland, Rupert Sargent",1
2156,"Finberg, A. J. (Alexander Joseph)",1
2157,"Pattee, Fred Lewis",1
2158,"Edwards, William Seymour",1
2159,"Hunt, Leigh",1
2160,"Paget, Stephen",1
2161,"Dixie, Florence, Lady",1
2162,"Mackall, Lawton",1
2163,"Lala, Ramon Reyes",1
2164,"Roche, Arthur Somers",1
2165,"Hutten zum Stolzenberg, Betsey Riddle, Freifrau von",1
2166,"Wait, Frona Eunice",1
2167,"Guizot, Madame (Elisabeth Charlotte Pauline)",1
2168,"Sharp, Dallas Lore",1
2169,"Baughan, Rosa",1
2170,"Blake, Henry Arthur, Sir",1
2171,"Wylie, Philip",1
2172,"Ashby-Sterry, J. (Joseph)",1
2173,"Swan, Annie S.",1
2174,"Van Rensselaer, John King, Mrs.",1
2175,"Wood, J. G. (John George)",1
2176,"Furneaux, William S.",1
2177,"Menpes, Dorothy",1
2178,"Knight, Francis A. (Francis Arnold)",1
2179,"Barrett, Eaton Stannard",1
2180,"Barton, George A. (George Aaron)",1
2181,"Emmons, Samuel B. (Samuel Bulfinch)",1
2182,"MacDonald, Elizabeth Roberts",1
2183,"Houston, Edwin J. (Edwin James)",1
2184,"Sheppard, W. Crispin (William Crispin)",1
2185,"Pissarro, Lucien",1
2186,"Hesketh-Prichard, H. (Hesketh)",1
2187,"Whitaker, Herman",1
2188,"Parton, James",1
2189,"Sutcliffe, Halliwell",1
2190,"Mackenzie, R. Shelton (Robert Shelton)",1
2191,"McKinney, Kate Slaughter",1
2192,"Knight, Sherwood Sweet",1
2193,"Coburn, Claire Martha",1
2194,"MacLane, Mary",1
2195,"Jones, William, F.S.A.",1
2196,"White, Mary",1
2197,"Macquoid, Katharine S. (Katharine Sarah)",1
2198,"Clodd, Edward",1
2199,"Thompson, C. J. S. (Charles John Samuel)",1
2200,"Dry, Wakeling",1
2201,"Hammond, William A. (William Alexander)",1
2202,"Upton, George P. (George Putnam)",1
2203,"Dow, George Francis",1
2204,"Chaucer, Geoffrey",1
2205,"Havell, H. L. (Herbert Lord)",1
2206,"Massinger, Philip ; Field, Nathaniel",1
2207,"Ennis, Luna May",1
2208,"McReynolds, Robert",1
2209,"Heckethorn, Charles William",1
2210,"Dewar, Douglas ; Finn, Frank",1
2211,"Alderman, L. R. (Lewis Raymond)",1
2212,"Mathews, Joanna H. (Joanna Hooe)",1
2213,"Macauley, C. R. (Charles Raymond)",1
2214,"Berlyn, Peter ; Fowler, Charles, Jr.",1
2215,"Gibbon, Perceval",1
2216,"Sealsfield, Charles",1
2217,"Adcock, Arthur St. John",1
2218,"Fantus, Bernard",1
2219,"Fuller, Alvarado M. (Alvarado Mortimer)",1
2220,"Cuthell, Edith E. ; Foster, A. J.",1
2221,"Addison, C. G. (Charles Greenstreet)",1
2222,"Mansfield, Katherine",1
2223,"Clopper, Edward Nicholas",1
2224,"Norton, Carol",1
2225,"Wilson, Rufus Rockwell",1
2226,"Vandérem, Fernand",1
2227,"Wigram, Edgar Thomas Ainger",1
2228,"Waring, George E. (George Edwin)",1
2229,"Mitchell, C. Ainsworth (Charles Ainsworth)",1
2230,"O'Shaughnessy, Edith",1
2231,"Fox, Frances Margaret",1
2232,"Lane, George Martin",1
2233,"White, James",1
2234,"Archer, Effie Archer",1
2235,"Hole, S. Reynolds (Samuel Reynolds)",1
2236,"Arnott, Samuel",1
2237,"À Beckett, Gilbert Abbott",1
2238,"Taylor, Meadows",1
2239,"Godfrey, Elizabeth",1
2240,"Haldane, Elizabeth Sanderson",1
2241,"Lyons, A. Neil (Albert Neil)",1
2242,"McKenna, Stephen",1
2243,"Knox, Thomas Wallace",1
2244,"Meynell, Everard",1
2245,"Lewis, Isabel Martin",1
2246,"Sun, Yat-sen",1
2247,"Durston, George",1
2248,"Durham, Robert Lee",1
2249,"Booth, Maud Ballington",1
2250,"Hanson, Joseph Mills",1
2251,"Bond, A. Russell (Alexander Russell)",1
2252,"Terry, Ellen",1
2253,"Boynton, Percy Holmes",1
2254,"Waite, Fred",1
2255,"Gibson, George Herbert",1
2256,"Aimard, Gustave",1
2257,"Francillon, R. E. (Robert Edward)",1
2258,"Wallace, Robert ; Smith, John Campbell",1
2259,"Baker, Emilie K. (Emilie Kip)",1
2260,"Rennie, James",1
2261,"Adams, Katharine",1
2262,"Grove, Harriet Pyne",1
2263,"Garnier, Jules ; Le Roux, Hugues",1
2264,"Ely, Helena Rutherfurd",1
2265,"Martinek, Frank V. (Frank Victor)",1
2266,"Clemenceau, Georges",1
2267,"Roberts, Morley",1
2268,"Crane, J. T. (Jonathan Townley)",1
2269,"La Fayette, Madame de (Marie-Madeleine Pioche de La Vergne)",1
2270,"Edwards, H. Sutherland (Henry Sutherland)",1
2271,"Lang, Andrew ; Atkinson, J. J. (James Jasper)",1
2272,"Besant, Walter ; Rice, James",1
2273,"Shedd, E. Cutler (Ephraim Cutler)",1
2274,"Grote, George",1
2275,"Schnitzler, Arthur",1
2276,"Crosthwaite, C. H. T. (Charles Haukes Todd)",1
2277,"Haycraft, John Berry",1
2278,"Peacock, Virginia Tatnall",1
2279,"Saxe, Mary S. (Mary Sollace)",1
2280,"Bright, Charles, Sir",1
2281,"Leigh, Percival",1
2282,"Barron, Edward",1
2283,"Oriani, Alfredo",1
2284,"Anderson, Edward L. (Edward Lowell) ; Collier, Price",1
2285,"Goodwin, Nat. C. (Nathaniel Carll)",1
2286,"Haywood, Eliza Fowler",1
2287,"Baker, B. Granville (Bernard Granville)",1
2288,"Richardson, Norval",1
2289,"Headlam, Cecil",1
2290,"Marx, Karl",1
2291,"Jeans, T. T. (Thomas Tendron)",1
2292,"Serao, Matilde",1
2293,"Gilliat-Smith, Ernest",1
2294,"Grotius, Hugo",1
2295,"Holt-White, W. (William)",1
2296,"Newmarch, Rosa",1
2297,"Montessori, Maria",1
2298,"Power, D'Arcy, Sir",1
2299,"Colcord, Lincoln",1
2300,"Bowring, John",1
2301,"Allingham, William",1
2302,"Symonds, Margaret ; Gordon, Lina Duff",1
2303,"Sidgwick, Henry",1
2304,"Gourmont, Remy de",1
2305,"Heath, Sidney",1
2306,"Rathgen, Friedrich",1
2307,"Maher, Richard Aumerle",1
2308,"Smith, F. Berkeley (Frank Berkeley)",1
2309,"Wägner, Wilhelm",1
2310,"Rhead, G. Woolliscroft (George Woolliscroft)",1
2311,"Nansen, Fridtjof",1
2312,"Britton, Sumner Charles",1
2313,"Lowell, Percival",1
2314,"Corbett, Julian Stafford",1
2315,"Lawrence, John",1
2316,"Löher, Franz von",1
2317,"Gautier, Judith",1
2318,"Wolf, Simon",1
2319,"Beer, Margrieta",1
2320,"Scarborough, Dorothy",1
2321,"Gautier, Judith ; Loti, Pierre",1
2322,"Bebel, August",1
2323,"George, H. B. (Hereford Brooke)",1
2324,"Mowry, Arthur May ; Mowry, William A. (William Augustus)",1
2325,"Russell, Dora",1
2326,"Jephson, Henry (Henry Lorenzo)",1
2327,"Wright, Ernest Vincent",1
2328,"Winstanley, Lilian",1
2329,"Peet, Stephen D. (Stephen Denison)",1
2330,"Wright, Elizabeth Mary",1
2331,"Adler, Lewis H., Jr.",1
2332,"Thompson, Richard",1
2333,"Gilchrist, Anne (Anne Burrows)",1
2334,"Moore, Walter W. (Walter William)",1
2335,"Du Bois, Gaylord",1
2336,"Mills, Weymer Jay",1
2337,"Miller, Irene",1
2338,"Oman, Charles",1
2339,"Ross, Frederick",1
2340,"Smith, H. Clifford (Harold Clifford)",1
2341,"Blacker, J. F. (James F.)",1
2342,"Brewster, Edwin Tenney",1
2343,"Crane, Walter",1
2344,"Thornber, J. J. (John James) ; Armstrong, Margaret",1
2345,"Brenchley, Winifred Elsie",1
2346,"Babcock, Edwina Stanton",1
2347,"Addison, Joseph ; Steele, Richard, Sir ; Budgell, Eustace",1
2348,"Smits, G.",1
2349,"Holland, Clive",1
2350,"Barbauld, Mrs. (Anna Letitia) ; Aikin, John",1
2351,"Alcott, Amos Bronson",1
2352,"Bennett, Cyril",1
2353,"Archer, William ; Miln, Louise Jordan",1
2354,"Axon, William E. A. (William Edward Armytage)",1
2355,"Wilson, Richard",1
2356,"White, Joseph Blanco",1
2357,"McArthur, Peter",1
2358,"Chalmers, Margaret Piper",1
2359,"Keisch, Bernard",1
2360,"Chadwick, H. Munro (Hector Munro)",1
2361,"Du Chaillu, Paul B. (Paul Belloni)",1
2362,"Stack, Edward",1
2363,"Phillipps-Wolley, Clive",1
2364,"Mitre, Bartolomé",1
2365,"Noyce, Elisha",1
2366,"Sologub, Fyodor",1
2367,"Abbott, Charles C. (Charles Conrad)",1
2368,"Scott, Duncan Campbell",1
2369,"Gosse, Philip Henry",1
2370,"Spielmann, M. H. (Marion Harry) ; Layard, George Somes",1
2371,"O'Brien, Cyril J.",1
2372,"Haygood, Atticus G. (Atticus Greene)",1
2373,"McSpadden, J. Walker (Joseph Walker) ; Dickens, Charles",1
2374,"Macleod, Mary ; Shakespeare, William",1
2375,"Oken, Lorenz",1
2376,"Peyser, Herbert F. (Herbert Francis)",1
2377,"Brightwen, Mrs. (Eliza Elder)",1
2378,"Cotton, Catherine",1
2379,"James, G. P. R. (George Payne Rainsford)",1
2380,"Sparks, Jared",1
2381,"Smith, Huron H. (Huron Herbert)",1
2382,"Goldberg, Isaac",1
2383,"Grendon, Felix",1
2384,"Van Dyke, Harry Weston",1
2385,"Alexander, Mrs.",1
2386,"Forman, Henry James",1
2387,"Creighton, Louise",1
2388,Rachilde,1
2389,"Willis, Nathaniel Parker",1
2390,"MacDonald, John D. (John Dann)",1
2391,"Priestley, J. B. (John Boynton)",1
2392,"Judson, Clara Ingram",1
2393,"Marden, Philip Sanford",1
2394,"Bird, Arthur",1
2395,"Scott, Dixon",1
2396,"Selous, Edmund",1
2397,"Farrère, Claude",1
2398,"Babbitt, Irving",1
2399,"Baker, George M. (George Melville)",1
2400,"Colton, Arthur",1
2401,"Wallace, Alfred Russel",1
2402,"Rothfield, Otto",1
2403,"Mathews, Frances Aymar",1
2404,"Johnston, Maurice Andrew Brackenreed ; Yearsley, Kenneth Darlaston",1
2405,"Timbs, John",1
2406,"Barron, S. B. (Samuel Benton)",1
2407,"Lombroso, Cesare",1
2408,"Liston, Robert",1
2409,"Wallace, F. L. (Floyd L.)",1
2410,"MacLean, Katherine",1
2411,"Samachson, Joseph",1
2412,"Winslow, Forbes",1
2413,"Bryce, George",1
2414,"Beesly, Edward Spencer",1
2415,"Dixon, William Hepworth",1
2416,"Le Sage, Alain René",1
2417,"Nordau, Max Simon",1
2418,"Hall, S. C. (Samuel Carter) ; Jewitt, Llewellynn Frederick William",1
2419,"Dumur, Louis",1
2420,"Zimmermann, Johann Georg",1
2421,"Mackay, Helen",1
2422,"Macfarlane, Wallace",1
2423,"Harmon, Jim",1
2424,"Trevelyan, George Otto",1
2425,"Sanborn, F. B. (Franklin Benjamin)",1
2426,"Titchener, Edward Bradford",1
2427,"Neville, Kris",1
2428,"MacApp, C. C.",1
2429,"Leiber, Fritz",1
2430,"Royle, Edwin Milton",1
2431,"Chiniquy, Charles Paschal Telesphore",1
2432,"Farr, Julia",1
2433,"Wheatley, Henry B. (Henry Benjamin)",1
2434,"Tusser, Thomas",1
2435,"Castle, Egerton ; Castle, Agnes",1
2436,"Gerstäcker, Friedrich",1
2437,United States. National Park Service. Division of Publications,1
2438,"Ogden, Ruth",1
2439,"Williams, Robert Moore",1
2440,"Lawrence, C. E. (Charles Edward)",1
2441,"Broadley, Alexander Meyrick",1
2442,"Malcolm, John",1
2443,"Laurence, E. C. (Eleanor Constance)",1
2444,"Bleackley, Horace",1
2445,"Leopardi, Giacomo",1
2446,"Wilson, Daniel, Sir",1
2447,"Cobden, John C.",1
2448,"Reynolds, Joshua, Sir",1
2449,"Donovan, Peter",1
2450,"Kingsley, Florence Morse",1
2451,"Emerson, Willis George",1
2452,"Hartwig, G. (Georg)",1
2453,"Bell, Gertrude Lowthian",1
2454,"Meakin, Annette M. B.",1
2455,"Clare, John",1
2456,"Blythe, LeGette",1
2457,"Sampter, Jessie E. (Jessie Ethel)",1
2458,"Colyer, Frank",1
2459,"French, Nora May",1
2460,"Hannay, David",1
2461,"Riesenberg, Felix",1
2462,"Atkinson, Henry A.",1
2463,"Ghent, William J. (William James)",1
2464,"Aubert de Gaspé, Philippe",1
2465,"Conyers, Dorothea",1
2466,"McKechnie, Jean L. (Jean Lyttleton)",1
2467,"Shore, W. Teignmouth (William Teignmouth)",1
2468,"Humphry, Mrs.",1
2469,"Newnham-Davis, Lieut.-Col. (Nathaniel)",1
2470,"Kidd, Walter",1
2471,"Jagor, Fedor",1
2472,"Perrin, Alice",1
2473,"Williams, W. Mattieu (William Mattieu)",1
2474,"Snell, F. J. (Frederick John)",1
2475,"Murray, Marr",1
2476,"Scott, Gertrude Fisher",1
2477,"Macmichael, William",1
2478,"Reid, Thomas",1
2479,"Ingraham, J. H. (Joseph Holt)",1
2480,"Mitchell, John Ames",1
2481,"Dearmer, Geoffrey",1
2482,"Blewett, Jean",1
2483,"Jamison, Alcinous B. (Alcinous Burton)",1
2484,"Mortimer, Favell Lee",1
2485,"Hadden, J. Cuthbert (James Cuthbert)",1
2486,"Deledda, Grazia",1
2487,"Davidson, John",1
2488,"Bridgman, E. C. (Elijah Coleman)",1
2489,"Fry, Roger",1
2490,"Tullidge, Edward W. (Edward William)",1
2491,"Baikie, James",1
2492,"Horsley, Reginald",1
2493,"Burnham, Clara Louise",1
2494,"Novikova, Olga Alekseevna",1
2495,"Stock, Ralph",1
2496,"Doudney, Sarah",1
2497,"Bennett, Ida D. (Ida Dandridge)",1
2498,"Shore, Moyers S.",1
2499,"Calthrop, Dion Clayton",1
2500,"Huish, Marcus B. (Marcus Bourne)",1
2501,"Steffens, Lincoln",1
2502,"Hammond, John Martin",1
2503,"Thorpe, T. E. (Thomas Edward)",1
2504,"Herschel, John F. W. (John Frederick William)",1
2505,"Dorr, Julia C. R. (Caroline Ripley)",1
2506,"Mercer, S. C. (Samuel C.)",1
2507,"Hume, Martin A. S. (Martin Andrew Sharp)",1
2508,"Simmonds, Henry S.",1
2509,"Spencer, Herbert",1
2510,"Maynard, Theodore",1
2511,"Dillon, Edward",1
2512,"Burgess, Gelett ; Irwin, Will",1
2513,"Thompson, D'Arcy Wentworth",1
2514,"Frankau, Julia",1
2515,"Brown, J. Wood (James Wood)",1
2516,"Hunt, Enid Leigh",1
2517,"Wyckoff, Capwell",1
2518,"Buchanan, Robert Williams",1
2519,"Jacob, Violet",1
2520,"Jacobsen, J. P. (Jens Peter)",1
2521,"McAulay, Allan",1
2522,"Hester, Joseph A. ; Macgowan, Kenneth",1
2523,"Rittenhouse, Jessie Belle",1
2524,"Anderson, J. D. (James Drummond)",1
2525,"Forbes-Lindsay, C. H.",1
2526,"Poyser, Arthur",1
2527,"Dragoume, Ioulia D.",1
2528,"Courlander, Alphonse",1
2529,"Davis, George Moses ; Martin, Frank Eugene",1
2530,"Hains, T. Jenkins (Thornton Jenkins)",1
2531,"Browne, Martha Griffith",1
2532,"Lyall, Edna",1
2533,"Quinn, John Henry",1
2534,"Bates, Oric",1
2535,"Fritz, Georg",1
2536,"Price, Con",1
2537,"Leonowens, Anna Harriette",1
2538,"Barry, Richard",1
2539,"Magnus, Katie, Lady",1
2540,"Thompson, Ruth Plumly",1
2541,"Reinsch, Paul S. (Paul Samuel)",1
2542,"Petrie, W. M. Flinders (William Matthew Flinders)",1
2543,"Kitton, Frederic George",1
2544,"Martin, Benjamin Ellis",1
2545,"Herford, Oliver",1
2546,"Brummitt, Stella Wyatt",1
2547,"Crosland, T. W. H. (Thomas William Hodgson)",1
2548,"Reed, Elizabeth A. (Elizabeth Armstrong)",1
2549,"Betham-Edwards, Matilda",1
2550,"Davidson, Gladys",1
2551,"Traill, Catharine Parr Strickland",1
2552,"Nicholson, Edward",1
2553,"Ingersoll, Ernest",1
2554,"De Lisser, Herbert George",1
2555,"Lunn, Arnold",1
2556,"Lord, Chester Sanders",1
2557,"Liisberg, H. C. Bering (Henrik Carl Bering)",1
2558,"Rowland, Henry C. (Henry Cottrell)",1
2559,"Litsey, Edwin Carlile",1
2560,"Bichat, Xavier",1
2561,"Mill, James",1
2562,"Patterson, Joseph Medill",1
2563,"Dawson, Francis Warrington",1
2564,"Binns, Henry Bryan",1
2565,"Bradley, Will",1
2566,"Benson, E. F. (Edward Frederic) ; Miles, Eustace",1
2567,"Duffy, Bella",1
2568,"Morris, Lewis",1
2569,"Newman, Ernest",1
2570,"Hall, Evelyn Beatrice",1
2571,"Hudson, William Henry",1
2572,"Thalheimer, M. E. (Mary Elsie)",1
2573,"Crowninshield, Frank ; Chappell, George S. (George Shepard) ; Parker, Dorothy",1
2574,"Mordell, Albert",1
2575,"Dendy, Walter Cooper",1
2576,"Abbott, Edwin Abbott",1
2577,"Cram, Ralph Adams",1
2578,"Montgomery, Rutherford G. (Rutherford George)",1
2579,"Shepperson, Isabel",1
2580,"Johnson, Edward A. (Edward Austin)",1
2581,"Jay, W. M. L.",1
2582,"Meigs, Cornelia",1
2583,"Clark, Sydney ; Clark, Francis E. (Francis Edward)",1
2584,"Horne, C. Silvester (Charles Silvester)",1
2585,"Edwards, Osman",1
2586,"Thomson, John Stuart",1
2587,"Pickthall, Marmaduke William",1
2588,"Crowninshield, Schuyler, Mrs.",1
2589,"Kent, J. T. (James Tyler)",1
2590,"Simmonds, P. L. (Peter Lund)",1
2591,"Drummond, Hamilton",1
2592,"Guilleragues, Gabriel Joseph de Lavergne, vicomte de",1
2593,"Havard, Aline",1
2594,"Mantegazza, Paolo",1
2595,"Huret, Jules",1
2596,"Palmer, William T.",1
2597,"Ridge, W. Pett (William Pett)",1
2598,"Hake, Thomas Gordon",1
2599,"Radcliffe, William",1
2600,"Dostoevskaia, L. F. (Liubov Fedorovna)",1
2601,"Horton, George",1
2602,"Inha, Into Konrad",1
2603,"Trever, Albert Augustus",1
2604,"Haraucourt, Edmond",1
2605,"Siborne, William",1
2606,"Benham, William",1
2607,"Reed, Earl H. (Earl Howell)",1
2608,"Lewis, Wyndham",1
2609,"Bailey, Carolyn Sherwin",1
2610,"Groos, Karl",1
2611,"Dane, Edmund (Military historian)",1
2612,"Jessopp, Augustus",1
2613,"Mason, Daniel Gregory",1
2614,"Alberts, Edwin C. (Edwin Cameron)",1
2615,"Lewis, Edwin Herbert",1
2616,"Payne, George Henry",1
2617,"Everett, Leo, Mrs.",1
2618,"Norman, Philip",1
2619,"Belasco, David",1
2620,"Dauncey, Campbell, Mrs.",1
2621,"Damrosch, Walter",1
2622,"Lydekker, Richard",1
2623,"Williams, Ralph",1
2624,"Chambless, Edgar",1
2625,"Keeler, Ralph",1
2626,"Hilliers, Ashton",1
2627,"Lie, Jonas",1
2628,"Stopes, Marie Carmichael",1
2629,"Acton, Harold",1
2630,"Bernard, Charles de",1
2631,"Fitzgerald, Percy",1
2632,"Caffin, Charles H. (Charles Henry)",1
2633,"Niven, Frederick",1
2634,"French, George Jackson",1
2635,"Waln, Nora",1
2636,"Wyckoff, Walter A. (Walter Augustus)",1
2637,"Fontenay, Charles L.",1
2638,"Liautard, Alexandre François Augustin",1
2639,"Hartmann, Jacob",1
2640,"Bailey, H. C. (Henry Christopher)",1
2641,"Jones, John D.",1
2642,Zhuangzi,1
2643,"Goldwyn, Samuel",1
2644,"Jaekel, Blair",1
2645,"Prevost, Francis",1
2646,"Rodin, Auguste",1
2647,"Brown, George Alfred",1
2648,"MacDonald, Ronald",1
2649,"Legouvé, Ernest ; Scribe, Eugène",1
2650,"Collins, W. Lucas (William Lucas)",1
2651,"Mosso, A. (Angelo)",1
2652,"Treves, Frederick",1
2653,"Fortescue, Seymour John, Sir",1
2654,"Knight, Charles",1
2655,"Hillis, Newell Dwight",1
2656,"Toomer, Jean",1
2657,"Haviland-Taylor, Katharine",1
2658,"Speare, Dorothy",1
2659,"Spender, Harold",1
2660,"Rousseau, Victor",1
2661,"Cumberland, Gerald",1
2662,"Cummins, Harle Oren",1
2663,"Revelle, G. G.",1
2664,"Bell, J. J. (John Joy)",1
2665,Fowl,1
2666,"Walton, Bryce",1
2667,"Den, Lili",1
2668,"Berry, Don",1
2669,"Howitt, William",1
2670,"Manning, Frederic",1
2671,"Moulton, Louise Chandler",1
2672,"Gummere, Francis Barton",1
2673,"Siwertz, Sigfrid",1
2674,"Sohl, Jerry",1
2675,"Scot, Reginald",1
2676,"Wise, Stephen S. (Stephen Samuel)",1
2677,"Quick, Robert Hebert",1
2678,"Beer, Thomas",1
2679,"Barnes, Djuna",1
2680,"Weiman, Rita",1
2681,"Barton, William E. (William Eleazar)",1
2682,"Stuart, William W.",1
2683,"Schayer, Julia Thompson von Stosch",1
2684,"Barr, Stephen",1
2685,"Fergusson, James",1
2686,"Kelley, Edith Summers",1
2687,"Brinton, Daniel G. (Daniel Garrison)",1
2688,"Morley, Margaret Warner",1
2689,"Chambers, Robert",1
2690,"Moore, J. Howard (John Howard)",1
2691,"Heddle, John George Flett Moodie ; Mainland, T.",1
2692,"Holmes, Oliver Wendell ; Craik, Dinah Maria Mulock ; Cunningham, Allan ; Wilson, John ; Spofford, Harriet Elizabeth Prescott",1
2693,"Eden, Helen Parry",1
2694,"Ewing, William Clinton",1
2695,"Cornell, Beaumont Sandfield",1
2696,"Somerville, Mary",1
2697,"Wolfe, Humbert",1
2698,"Giraudoux, Jean",1
2699,"Bullivant, Cecil Henry",1
2700,"Blümner, Hugo",1
2701,"Ferval, Claude",1
2702,"Chesterton, G. K. (Gilbert Keith) ; Kitton, Frederic George",1
2703,"Wood, Evelyn",1
2704,"Davenport, R. A. (Richard Alfred)",1
2705,"Millet, Francis Davis",1
2706,"Melville, Lewis ; Chesterton, G. K. (Gilbert Keith)",1
2707,"Gleason, Gene",1
2708,"Hutchings, Emily Grant",1
2709,"Noguchi, Yoné",1
2710,"Compayré, Gabriel",1
2711,"Afanas'ev, A. N. (Aleksandr Nikolaevich)",1
2712,"Dunbar, Ianthe M.",1
2713,"Brown, C. Campbell (Colin Campbell)",1
2714,"Malcolm, Napier, Mrs.",1
2715,"Armstrong, Annie E.",1
2716,"Wyman, L. P. (Levi Parker)",1
2717,"Post, Melville Davisson",1
2718,"Locke, Richard Adams",1
2719,"Singleton, Esther",1
2720,"Moore, Eva",1
2721,"Reid, Christian",1
2722,"Mitra, A., active 19th century",1
2723,Sui Sin Far,1
2724,"Tschudi, Clara",1
2725,"McKown, Robin",1
2726,"Crapsey, Adelaide",1
2727,"Geikie, Archibald",1
2728,"Savage, Les",1
2729,"Morris, James Edwin, Mrs.",1
2730,"Goncourt, Edmond de ; Goncourt, Jules de",1
2731,"Jacob, P. L.",1
2732,"Carr, Alice Vansittart Strettel",1
2733,"Caius, John ; Hecker, J. F. C. (Justus Friedrich Carl)",1
2734,"Bullen, Frank Thomas",1
2735,"Solomon, Harry C. (Harry Caesar) ; Southard, Elmer Ernest",1
2736,"Smith, Arthur D. Howden (Arthur Douglas Howden)",1
2737,"Middleton, Drew",1
2738,"Mackinder, Halford John",1
2739,"Ertz, Susan",1
2740,"Mortimer, Lee ; Lait, Jack",1
2741,"Morgan, Thomas Hunt",1
2742,"Harper, Harry ; Grahame-White, Claude",1
2743,"Affonso Celso, Affonso Celso de Assis Figueiredo, conde de",1
2744,"Street, Cecil J. C. (Cecil John Charles)",1
2745,"Gates, Eleanor",1
2746,"Meredith, George",1
2747,"Watanna, Onoto",1
2748,"Hammond, Lily Hardy",1
2749,"Plauchut, Edmond",1
2750,"Matthews, W. J. (William J.)",1
2751,"Long, Harold Cecil",1
2752,"Vandegrift, Margaret",1
2753,"Noailles, Anna de",1
2754,"Mackowsky, Hans",1
2755,"Langer, Angela",1
2756,"Henry, John Robertson",1
2757,"Edwards, Charles",1
2758,"Pouvillon, Emile",1
2759,"Moore-Willson, Minnie",1
2760,"Mackenzie, Kenneth R. H. (Kenneth Robert Henderson)",1
2761,"Banks, G. Linnaeus (George Linnaeus), Mrs.",1
2762,"Maspero, G. (Gaston)",1
2763,"Dunlap, John V.",1
2764,"Fraser, Hugh, Mrs.",1
2765,"Hay, John Stuart",1
2766,"Mathewson, Christy",1
2767,"Kirchhoff, Bjarne",1
2768,"Edwardes, Tickner",1
2769,"Cunliffe-Owen, Marguerite",1
2770,"Atkinson, George Francis",1
2771,"Barton, Clara",1
2772,"Conant, Thomas",1
2773,"Breuer, Miles J. (Miles John)",1
2774,"Woodhouselee, Alexander Fraser Tytler, Lord",1
2775,"Parry, Edward Abbott, Sir",1
2776,"Reed, Hugh T.",1
2777,"Eddy, Arthur Jerome",1
2778,"Birrell, Augustine",1
2779,"Steele, Robert",1
2780,"Clerke, Agnes M. (Agnes Mary)",1
2781,"Broster, D. K. (Dorothy Kathleen)",1
2782,"Grinnell, Joseph",1
2783,"Connell, Richard Edward",1
2784,"Furst, Clyde",1
2785,"Garis, Lilian",1
2786,"Beck, L. Adams (Lily Adams)",1
2787,"Fitchett, W. H. (William Henry)",1
2788,"Henning, Friedrich",1
2789,"Blackwell, Elizabeth",1
2790,"Wilder, Marshall P. (Marshall Pinckney)",1
2791,"Lee, James W. (James Wideman)",1
2792,"Wright, F. A. (Frederick Adam)",1
2793,"French, Donald G. ; Logan, J. D. (John Daniel)",1
2794,"Lyttleton, Kay",1
2795,"Shores, Robert J. (Robert James)",1
2796,"Crompton, Richmal",1
2797,"Ellison, Grace",1
2798,"Schrader, Ferdinand",1
2799,"Austin, F. Britten (Frederick Britten)",1
2800,"Garrett, Garet",1
2801,"Bourke, John Gregory",1
2802,"Bleyer, Willard Grosvenor",1
2803,"Hissey, James John",1
2804,"Baden-Powell of Gilwell, Robert Stephenson Smyth Baden-Powell, Baron",1
2805,"Vaka, Demetra",1
2806,"Timlow, Elizabeth Weston",1
2807,"Ridgeway, William",1
2808,"Keyes, Angela M. (Angela Mary)",1
2809,"De Zoete, Beryl ; Gretton, Mary Sturge",1
2810,"Du Cane, Florence",1
2811,"Prime-Stevenson, Edward",1
2812,"Brough, James ; Hopper, Hedda",1
2813,"Fontenelle, M. de (Bernard Le Bovier)",1
2814,"Knight, Clayton",1
2815,"Clough, Arthur Hugh",1
2816,"Tarver, John Charles",1
2817,"Guilbert, Yvette",1
2818,"Mew, James ; Ashton, John",1
2819,"Hemans, Mrs.",1
2820,"Coblentz, Stanton A. (Stanton Arthur)",1
2821,"Carr, J. Comyns (Joseph Comyns)",1
2822,"Pupin, Michael",1
2823,"Low, A. M. (Archibald Montgomery)",1
2824,"Tinayre, Marcelle",1
2825,"Heywood, Thomas",1
2826,"Fawcett, Millicent Garrett, Dame",1
2827,"Cumming, John",1
2828,"Anderson, Nels",1
2829,"Arnold, Edwin Lester",1
2830,"Strobridge, Idah Meacham",1
2831,"Rolfe, Frederick",1
2832,"Bodenheim, Maxwell",1
2833,"Sherwood, Margaret Pollock",1
2834,"Papini, Giovanni",1
2835,"Foote, Andrew H. (Andrew Hull)",1
2836,"Licht, Sidney",1
2837,"Waldo, Fullerton L. (Fullerton Leonard)",1
2838,"Stekel, Wilhelm",1
2839,"Perri, Leslie",1
2840,"Raphaelson, Samson",1
2841,"Hollister, Paul M. (Paul Merrick)",1
2842,"Pollock, Frank Lillie",1
2843,"Gillam, John Graham",1
2844,"Woods, Katharine Pearson",1
2845,"Gore Browne, Robert",1
2846,"Magnay, William, Sir",1
2847,"Werther, Ralph",1
2848,"Upright, Blanche",1
2849,"Edwards, Annie",1
2850,"Bartlett, Alice E. (Alice Elinor)",1
2851,"Letourneau, Ch. (Charles)",1
2852,"Castiglione, Baldassarre, conte",1
2853,"Talbot, Frederick Arthur Ambrose",1
2854,"Jekyll, Gertrude",1
2855,"Drinkwater, John",1
2856,"Farr, Florence",1
2857,"Peary, Robert E. (Robert Edwin)",1
2858,"Allinson, Francis Greenleaf ; Allinson, Anne C. E. (Anne Crosby Emery)",1
2859,"Blotner, Joseph",1
2860,"Murdoch, B. J. (Benedict Joseph)",1
2861,"Kuttner, Henry",1
2862,"Broadfoot, William",1
2863,"Ledford, Preston Lafayette",1
2864,"Holtby, Winifred",1
2865,"Hoatson, Florence",1
2866,"Askew, Alice ; Askew, Claude",1
2867,"Ethelmer, Ellis",1
2868,"Nourse, Alan Edward",1
2869,"Das, Sarat Chandra",1
2870,"Flatt, W. D.",1
2871,"Johnson, R. Brimley (Reginald Brimley)",1
2872,"Johns, Orrick",1
2873,"Kernahan, Coulson, Mrs.",1
2874,"Leighton, Alexander",1
2875,"Stewart, Balfour",1
2876,"Southern, Terry",1
2877,"Pertwee, Roland",1
2878,"Davies, Emily",1
2879,"Ohnet, Georges",1
2880,"Robertson, Morgan",1
2881,"Marillier, H. C. (Henry Currie)",1
2882,"Black, Jack",1
2883,"Stuart, Eleanor",1
2884,"Henslowe, J. R.",1
2885,"Wilson, Margaret",1
2886,"Forester, C. S. (Cecil Scott)",1
2887,"Gilbert de Voisins, Auguste",1
2888,"Treynor, Albert M.",1
2889,"Wyllarde, Dolf",1
2890,"Garnett, David",1
2891,E. V. B. (Eleanor Vere Boyle),1
2892,"White, Walter",1
2893,"Prince, Morton",1
2894,"Senn, Nicholas",1
2895,"Winchester, Boyd",1
2896,"Leslie, Madeline",1
2897,"Alden, W. L. (William Livingston)",1
2898,"Lévi, Éliphas",1
2899,"Pelley, William Dudley",1
2900,"Stevens, James",1
2901,"Leadbeater, C. W. (Charles Webster)",1
2902,"Blunt, John J. (John James)",1
2903,"Kennedy, John",1
2904,"Levine, Isaac Don ; Bochkareva, Mariia",1
2905,"Masterman, Charles F. G. (Charles Frederick Gurney)",1
2906,"Dudeney, Henry, Mrs.",1
2907,"Sayers, Dorothy L. (Dorothy Leigh)",1
2908,"Husband, Joseph",1
2909,"Kirwan, A. V. (Andrew Valentine)",1
2910,"Stockham, Alice B. (Alice Bunker)",1
2911,"Snedden, Genevra Sisson",1
2912,"Kincaid, Zoë",1
2913,"Jerrold, Douglas William",1
2914,"Webb, J. B., Mrs. (Annie)",1
2915,"MacKaye, Percy",1
2916,"Hooker, Worthington",1
2917,"Conder, C. R. (Claude Reignier)",1
2918,"Cullen, Countee",1
2919,"Danziger, Adolphe",1
2920,"Martindale, William",1
2921,"St. John, Spenser, Sir",1
2922,"Nicolas, Sarah Davison, Lady",1
2923,"Hubback, Mrs. (Catherine-Anne Austen)",1
2924,"Almeida, Fialho de",1
2925,"Sidney, Philip",1
2926,"Saintine, X.-B. (Xavier-Boniface)",1
2927,"Brigham, William Tufts",1
2928,"Haldane, J. B. S. (John Burdon Sanderson)",1
2929,"Charbonneau, Louis",1
2930,"Jerrold, Walter",1
2931,"Nevinson, Henry Woodd",1
2932,"Hardy, E. J. (Edward John)",1
2933,"Sherman, Stuart Pratt",1
2934,"MacLaurin, C. (Charles)",1
2935,"Mason, Charlotte M. (Charlotte Maria)",1
2936,"Groome, Francis Hindes",1
2937,"Wright, Henry Clarke",1
2938,"Urquhart, David",1
2939,"Association for Promoting the Discovery of the Interior Parts of Africa ; Burckhardt, John Lewis",1
2940,"Andrews, Mary Raymond Shipman",1
2941,"Fuseli, Henry",1
2942,"Brown, Sterling A.",1
2943,"Pallme, Ignaz",1
2944,"Warman, Cy",1
2945,"Doflein, Franz",1
2946,"Kropotkin, Petr Alekseevich, kniaz",1
2947,"Hansen, G. Armauer (Gerhard Armauer) ; Looft, Carl",1
2948,"Theal, George McCall",1
2949,"Gonzalez, Ambrose Elliott",1
2950,"Walrond, Eric",1
2951,"Van Vorst, Marie",1
2952,"Wroth, Warwick William ; Wroth, Arthur Edgar",1
2953,"Farnell, Lewis Richard",1
2954,"Price, Eleanor C. (Eleanor Catherine)",1
2955,"Dodge, Louis",1
2956,"Carpenter, Frank G. (Frank George)",1
2957,"Dahlinger, Charles W. (Charles William)",1
2958,"Sleight, Charles Lee",1
2959,"Jackson-Wrigley, M. (Maurice)",1
2960,"Savage, Richard",1
2961,"Abbott, G. F. (George Frederick)",1
2962,"Querido, Is. (Israël)",1
2963,"Dumont, Henrietta",1
2964,"Whyte-Melville, G. J. (George John)",1
2965,"Kroeber, A. L. (Alfred Louis)",1
2966,"Rivers, W. H. R. (William Halse Rivers)",1
2967,"Praed, Winthrop Mackworth",1
2968,"Morel, E. D. (Edmund Dene)",1
2969,"Underwood, Edna Worthley",1
2970,"West, Clarence J. (Clarence Jay) ; Fries, Amos A. (Amos Alfred)",1
2971,"Basedow, Herbert",1
2972,"Lubbock, Basil",1
2973,"Guttenberg, Violet",1
2974,"Roberts, William James",1
2975,"Bland, J. O. P. (John Otway Percy) ; Backhouse, E. (Edmund), Sir",1
2976,"Parsons, Frances Theodora",1
2977,"McLaren, Barbara",1
2978,"King, W. J. Harding",1
2979,"Bowers, Claude G. (Claude Gernade)",1
2980,"Rohrer, Robert H.",1
2981,"Vogüé, Eugène-Melchior, vicomte de",1
2982,"Phillips, George S. (George Searle)",1
2983,"Wetmore, Alexander",1
2984,"Young, Robert F.",1
2985,"Warden, Florence",1
2986,"Butterfield, Herbert",1
2987,"L'Engle, Madeleine",1
2988,"Liguori, Alfonso Maria de', Saint",1
2989,"Lee, C. (Catherine), active 1867-1892 ; Lee, M. (Mary), active 1867-1892",1
2990,"MacDonald, Philip",1
2991,"Forsyth, J. S.",1
2992,"Tuttle, W. C. (Wilbur C.)",1
2993,"Van Dyke, John C.",1
2994,"Peterkin, Julia",1
2995,"Scidmore, Eliza Ruhamah",1
2996,"Van Dine, S. S.",1
2997,"Tooley, Sarah A.",1
2998,"Miles, Eustace",1
2999,"Freeman, R. Austin (Richard Austin)",1
3000,"Lévy, Arthur",1
3001,"Ludlow, James M. (James Meeker)",1
3002,"Charteris, Leslie",1
3003,"Turner, George Frederic",1
3004,"Evarts, Hal G. (Hal George)",1
3005,"Borthwick, John David",1
3006,"Ozanne, Charles Eugene ; Munro, William Bennett",1
3007,"Huntington, Harry Woodworth",1
3008,"Fairchild, Henry Pratt",1
3009,"Koester, Frank",1
3010,"Friedländer, M. (Michael)",1
3011,M. H. (Matilda Horsburgh),1
3012,"Horniman, Roy",1
3013,"Wittenmyer, Annie",1
3014,Imbert de Saint-Amand,1
3015,"Knox, Ronald Arbuthnott",1
3016,"Nordenskiöld, Erland",1
3017,"Schmidt, Ferdinand",1
3018,"Masson, Flora",1
3019,"Dutton, Charles J. (Charles Judson)",1
3020,"Hamilton, A. (Angus)",1
3021,"Dobrée, Bonamy",1
3022,"Gowen, Vincent H. (Vincent Herbert)",1
3023,"Bougainville, Louis-Antoine de, comte",1
3024,"Stokes, H. F. Scott (Henry Folliott Scott)",1
3025,"Vidal, Gore",1
3026,"Mauriac, François",1
3027,"London, Charmian",1
3028,"Pick, Harry",1
3029,"Chekhov, Anton Pavlovich",1
3030,"Rubin, Victor",1
3031,"Winthrop, Theodore",1
3032,"Aiken, Ednah",1
3033,"Kernahan, Coulson",1
3034,"Follett, Mary Parker",1
3035,"Andersson, Charles John",1
3036,"Geister, Edna",1
3037,"Figgis, Darrell",1
3038,Karl Baedeker (Firm),1
3039,"Onerva, L.",1
3040,"Thorne, Eglanton",1
3041,"Bettòli, Parmenio",1
3042,"Wylie, J. A. (James Aitken)",1
3043,"Bellew, H. W. (Henry Walter)",1
3044,"Cramp, Walter S. (Walter Samuel)",1
3045,"Norwood, Gilbert",1
3046,"Frank, Waldo David",1
3047,"Keith, Arthur Berriedale",1
3048,"Morton, H. V. (Henry Vollam)",1
3049,"Fleuron, Svend",1
3050,"Buchan, William",1
3051,"French, James Strange",1
3052,"Very, Edward W. (Edward Wilson)",1
3053,"Queirós, Eça de",1
3054,"Jaloux, Edmond",1
3055,"Staats, William",1
3056,"Bergman, Torbern",1
3057,"Reynolds, Earle L. ; Reynolds, Barbara (Barbara Leonard)",1
3058,"Benét, Stephen Vincent",1
3059,"Dickson, Walter G.",1
3060,"Jane, Fred T. (Frederick Thomas)",1
3061,"Liddell Hart, Basil Henry, Sir",1
3062,"Drane, Augusta Theodosia",1
3063,"Spadoni, Adriana",1
3064,"Winslow, Helen M. (Helen Maria)",1
3065,"Jevons, William Stanley",1
3066,"Wharton, Edith ; Wood, John Seymour ; Perry, Bliss ; Trumbull, Annie Eliot ; Hibbard, George A. (George Abiah)",1
3067,"Belgrave, Charles Dalrymple, Sir",1
3068,"Grant, Gordon",1
3069,"Clay, Bertha M.",1
3070,"Dunbar, Paul Laurence",1
3071,"Jamieson, Leland",1
3072,"Abbott, John Loraine",1
3073,"Fothergill, Jessie",1
3074,"Thomason, John W., Jr. (John William)",1
3075,British Medical Association,1
3076,"Guernsey, Lucy Ellen",1
3077,"Carl, Katharine A. (Katharine Augusta)",1
3078,"Reich, Emil",1
3079,"Hackett, Walter ; Megrue, Roi Cooper",1
3080,"Fuller, J. F. C. (John Frederick Charles)",1
3081,"Derham, W. (William)",1
3082,"Barbaro, Giosofat ; Contarini, Ambrogio",1
3083,"Neveux, Pol (Pol Louis)",1
3084,"Allonby, Edith",1
3085,"Andrews, Leonora de Lima",1
3086,"Stuart, Henry Longan",1
3087,"Fowler, H. W. (Henry Watson) ; Fowler, F. G. (Francis George)",1
3088,"Wodehouse, P. G. (Pelham Grenville) ; Molnár, Ferenc",1
3089,"Herter, Albert ; Metchnikoff, Élie",1
3090,"Nathan, George Jean ; Mencken, H. L. (Henry Louis)",1
3091,"Dunham, Curtis",1
3092,"Heyer, Georgette",1
3093,"La Farge, John",1
