Book_ID,Title,Keyword,Snippet
2689,Over the Teacups,anodyne,"the strength that radiate through the wires which stretch above us? It was a pride and a happiness to have such classmates as he was to remember. We were not the moping, complaining graybeards that many might suppose we must have been. We had been favored with the blessing of long life. We had seen the drama well into its fifth act. The sun still warmed us, the air was still grateful and life-giving. But there was another underlying source of our cheerful equanimity, which we could not conceal from ourselves if we had wished to do it. Nature's kindly anodyne is telling upon us more and more with every year. Our old doctors used to give an opiate which they called “the black drop.” It was stronger than laudanum, and, in fact, a dangerously powerful narcotic. Something like this is that potent drug in Nature's pharmacopoeia which she reserves for the time of need,--the later stages of life. She commonly begins administering it at about the time of the “grand climacteric,” the ninth septennial period, the sixty-third year. More and more freely she gives it, as the years go on, to her grey-haired children, until, if they last long enough,"
38689,The Turnstile,anodyne,"absolute silence, and in that second his voice rang out: ""My constituents----"" The roar which answered him showed him that once more his foresight had served him well. No other word of his was heard. But any other words would have spoiled the two which he had uttered. CHAPTER XVI WORDS OVER THE TELEPHONE The next two hours were for Rames of the tissue whence nightmares are woven. Rames was conscious that he made speeches and still more speeches and yet others on the top of those, until speech-making became a pain in the head for which there was no anodyne . He made them from windows--one at that very window where Taylor, the lily fingered democrat, had by a single sentence won immortality and certain defeat--he made them from tables in club-rooms which he no longer recognized; where men, packed tight as herrings, screamed incoherencies in a blaze of light and the atmosphere of a Turkish bath, or standing upon chairs beat him, as he passed beneath them, on the top of the head with their hats in the frenzy of their delight. For two hours Ludsey went stark mad and Harry Rames had reached exhaustion before a gigantic captain"
5610,The Cardinal's Snuff-Box,anodyne,"the perfectly conventional, the perfectly commonplace little document, of which the foregoing is a copy. The original is written in rather a small, concentrated hand, not overwhelmingly legible perhaps, but, as we say, “full of character,” on paper lightly blueish, in the prescribed corner of which a tiny ducal coronet is embossed, above the initials “B. S.” curiously interlaced in a cypher. When Peter received it, and (need I mention?) approached it to his face, he fancied he could detect just a trace, just the faintest reminder, of a perfume--something like an afterthought of orris. It was by no means anodyne . It was a breath, a whisper, vague, elusive, hinting of things exquisite, intimate of things intimately feminine, exquisitely personal. I don't know how many times he repeated that manoeuvre of conveying the letter to his face; but I do know that when I was privileged to inspect it, a few months later, the only perfume it retained was an unmistakable perfume of tobacco. I don't know, either, how many times he read it, searched it, as if secrets might lie perdu between the lines, as if his gaze could warm into evidence some sympathetic ink, or compel a cryptic"
7052,Dr. Heidenhoff's Process,anodyne,"tendency in a particular direction. And that is why I say, if memory were abolished, constitutionally bad people would remain at their original and normal degree of badness, instead of going from bad to worse, as they always have done hitherto in the history of mankind. Memory is the principle of moral degeneration. Remembered sin is the most utterly diabolical influence in the universe. It invariably either debauches or martyrizes men and women, accordingly as it renders them desperate and hardened, or makes them a prey to undying grief and self-contempt. When I consider that more sin is the only anodyne for sin, and that the only way to cure the ache of conscience is to harden it, I marvel that even so many as do essay the bitter and hopeless way of repentance and reform. In the main, the pangs of conscience, so much vaunted by some, do most certainly drive ten deeper into sin where they bring one back to virtue."" ""But,"" remarked Henry, ""suppose there were no memory, and men did forget their acts, they would remain just as responsible for them as now."" ""Precisely; that is, not at all,"" replied the doctor. ""You don't mean to say"
7306,Autobiographic Sketches,anodyne,"fervor, ""Woman, they are your children, and God made them. Show mercy to _them_, as you expect it for yourself."" But he must have been aware, that, for any three instances of tyrannical usage that fell under his notice, at least five hundred would escape it. That was the sting of the case--that was its poisonous aggravation. But with a nature that sought for peace before all things, in this very worst of its aggravations was found a morbid cure--the effectual temptation to wilful blindness and forgetfulness. The sting became the palliation of the wrong, and the poison became its anodyne . For together with the five hundred hidden wrongs, arose the necessity that they must be hidden. Could he be pinned on, morning, noon, and night, to his wife's apron? And if not, what else should he do by angry interferences at chance times than add special vindictive impulses to those of general irritation and dislike? Some truth there was in this, it cannot be denied: innumerable cases arise, in which a man the most just is obliged, in some imperfect sense, to connive at injustice; his chance experience must convince him that injustice is continually going on; and yet,"
1182,Dope,black smoke,[Illustration] Dope By Sax Rohmer CONTENTS PART FIRST—KAZMAH THE DREAM-READER CHAPTER I. A MESSAGE FOR IRVIN CHAPTER II. THE APARTMENTS OF KAZMAH CHAPTER III. KAZMAH CHAPTER IV. THE CLOSED DOOR CHAPTER V. THE DOOR IS OPENED CHAPTER VI. RED KERRY CHAPTER VII. FURTHER EVIDENCE CHAPTER VIII. KERRY CONSULTS THE ORACLE CHAPTER IX. A PACKET OF CIGARETTES CHAPTER X. SIR LUCIEN’S STUDY WINDOW CHAPTER XI. THE DRUG SYNDICATE PART SECOND—MRS. SIN CHAPTER XII. THE MAID OF THE MASQUE CHAPTER XIII. A CHANDU PARTY CHAPTER XIV. IN THE SHADE OF THE LONELY PALM CHAPTER XV. METAMORPHOSIS CHAPTER XVI. LIMEHOUSE CHAPTER XVII. THE BLACK SMOKE CHAPTER XVIII. THE DREAM OF SIN SIN WA CHAPTER XIX. THE TRAFFIC CHAPTER XX. KAZMAH’S METHODS CHAPTER XXI. THE CIGARETTES FROM BUENOS AYRES CHAPTER XXII. THE STRANGLE-HOLD PART THIRD—THE MAN FROM WHITEHALL CHAPTER XXIII. CHIEF INSPECTOR KERRY RESIGNS CHAPTER XXIV. TO INTRODUCE 719 CHAPTER XXV. NIGHT-LIFE OF SOHO CHAPTER XXVI. THE MOODS OF MOLLIE CHAPTER XXVII. CROWN EVIDENCE CHAPTER XXVIII. THE GILDED JOSS CHAPTER XXIX. DOUBTS AND FEARS CHAPTER XXX. THE FIGHT IN THE DARK CHAPTER XXXI. THE STORY OF 719 CHAPTER XXXII. ON THE ISLE OF DOGS PART FOURTH—THE EYE OF SIN SIN WA CHAPTER XXXIII. CHINESE MAGIC CHAPTER
18613,The Golden Scorpion,black smoke,"looked out from the artificially haggard face--eyes wide open and fearful. ""Bend not that beautiful body so,"" whispered Chunda Lal, ""that is straight and supple as the willow branch. O, Miska""--his voice trembled emotionally and he that had been but a moment since so fierce stood abashed before her--""for you I become as the meanest and the lowest; for you I die!"" Miska started back from him as a muffled outcry sounded in the room beyond the half-open door. Chunda Las started also, but almost immediately smiled--and his smile was tender as a woman's. ""It is the voice of the black smoke that speaks, Miska. We are alone. Those are dead men speaking from their tombs."" ""Ah-Fang-Fu is in the shop,"" whispered Miska. ""And there he remain."" ""But what of ... _him!""_ Miska pointed toward the eastern wall of the room in which they stood. Chunda Lal clenched his hands convulsively and turned his eyes in the same direction. ""It is of _him_,"" he replied in a voice of suppressed vehemence, ""it is of _him_ I would speak."" He bent close to Miska's ear. ""In the creek, below the house, is lying the motor-boat. I go to-day to bring it down for"
2161,The Song Book of Quong Lee of Limehouse,black smoke,"Stormily; doing many things of a reprehensible character, Committing grave misdemeanours in the public streets, And following evil ways in a manner to attract attention. Whereupon, The lords of this country placed him upon a boat, And commanded that he should be carried, at their own cost, To his own country, whither he most desired to go. An Upright Man The grave and thin-faced one who keeps the Bespoke Tailor's Shop, And subjects his child to treatment of a most disagreeable nature, Never goes into the Blue Lantern, Never takes pellet of li-un or nut of areca, Or communes with Black Smoke , Or loses money at puckapoo, Or makes public outcry or gesture Expressive of delight in his friends, Or does foolish and unworthy things, Or makes exchange of hats with friends. He has no friends, for he has no weaknesses. While others fall to the simple follies of humanity He walks ever upright and self-contained, devout and dignified, And ill-treats his child at night. Breaking-Point Many heavy blows has this patient person's back received, These many years. He has lost friends and money; He has lost his own country; His well-framed enterprises have gone awry. And his heart has gone"
38670,For Jacinta,black smoke,"Wall-eye's hand."" He went out into the darkness, and Jefferson stood still, with his lips set tight, leaning on the table. He was, in some respects, a hard man, and his sojourn in Africa had not roused his gentler qualities, but just then he felt an unpleasant physical nausea creeping over him again. CHAPTER XXV HOVE OFF The rain came down in sheets, and the mangrove roots were hidden by the yellow flood, when Jefferson stood, dripping, on the _Cumbria_'s bridge. Her iron deck was level, the stumpy pole masts ran upright into the drifting mist, and a column of black smoke floated sluggishly from her rusty funnel. Dingy vapour also rose from the slender one of the locomotive boiler, and cables--hemp and wire and chain--stretched between the mangroves and the steamer's bow and stern. Jefferson, leaning heavily on the bridge rails, considered them each in turn. He shivered a little, though the rain was warm, and his wet face looked unusually gaunt and worn; but his eyes were intent and steady, for at last all was ready for the supreme effort of heaving the _Cumbria_ off. He looked down when Austin stopped at the foot of the ladder. His face and"
61834,The City of Dreadful Night,black smoke,"Two or three men, blessed with uneasy consciences, have quietly slipped out of the coffee-shop into the mazes of the huts beyond. The Police laugh, and those nearest in the crowd laugh applausively, as in duty bound. Perhaps the rabbits grin uneasily when the ferret lands at the bottom of the burrow and begins to clear the warren. “The _chandoo_-shops shut up at six, so you’ll have to see opium-smoking before dark some day. No, you won’t, though.” The detective nose sniffs, and the detective body makes for a half-opened door of a hut whence floats the fragrance of the black smoke . Those of the inhabitants who are able to stand promptly clear out--they have no love for the Police--and there remain only four men lying down and one standing up. This latter has a pet mongoose coiled round his neck. He speaks English fluently. Yes, he has no fear. It was a private smoking party and--“No business to-night--show how you smoke opium.” “Aha! You want to see. Very good, I show. Hiya! you”--he kicks a man on the floor--“show how opium-smoking.” The kickee grunts lazily and turns on his elbow. The mongoose, always keeping to the man’s neck, erects every"
1182,Dope,chandu,*** START OF THE PROJECT GUTENBERG EBOOK 1182 *** [Illustration] Dope By Sax Rohmer CONTENTS PART FIRST—KAZMAH THE DREAM-READER CHAPTER I. A MESSAGE FOR IRVIN CHAPTER II. THE APARTMENTS OF KAZMAH CHAPTER III. KAZMAH CHAPTER IV. THE CLOSED DOOR CHAPTER V. THE DOOR IS OPENED CHAPTER VI. RED KERRY CHAPTER VII. FURTHER EVIDENCE CHAPTER VIII. KERRY CONSULTS THE ORACLE CHAPTER IX. A PACKET OF CIGARETTES CHAPTER X. SIR LUCIEN’S STUDY WINDOW CHAPTER XI. THE DRUG SYNDICATE PART SECOND—MRS. SIN CHAPTER XII. THE MAID OF THE MASQUE CHAPTER XIII. A CHANDU PARTY CHAPTER XIV. IN THE SHADE OF THE LONELY PALM CHAPTER XV. METAMORPHOSIS CHAPTER XVI. LIMEHOUSE CHAPTER XVII. THE BLACK SMOKE CHAPTER XVIII. THE DREAM OF SIN SIN WA CHAPTER XIX. THE TRAFFIC CHAPTER XX. KAZMAH’S METHODS CHAPTER XXI. THE CIGARETTES FROM BUENOS AYRES CHAPTER XXII. THE STRANGLE-HOLD PART THIRD—THE MAN FROM WHITEHALL CHAPTER XXIII. CHIEF INSPECTOR KERRY RESIGNS CHAPTER XXIV. TO INTRODUCE 719 CHAPTER XXV. NIGHT-LIFE OF SOHO CHAPTER XXVI. THE MOODS OF MOLLIE CHAPTER XXVII. CROWN EVIDENCE CHAPTER XXVIII. THE GILDED JOSS CHAPTER XXIX. DOUBTS AND FEARS CHAPTER XXX. THE FIGHT IN THE DARK CHAPTER XXXI. THE STORY
2028,The Yellow Claw,chandu,"was addicted to drugs”... “Opium?” asked Soames, eagerly. Gianapolis smiled. “What an observant mind you have, Soames!” he said. “So you have perceived that these groves are sacred to our Lady of the Poppies? Well, in part that is true. Here, under the auspices of Mr. Ho-Pin, fretful society seeks the solace of the brass pipe; yes, Soames, that is true. Have you ever tried opium?” “Never!” declared Soames, with emphasis, “never!” “Well, it is a delight in store for you! But the reason of our existence as an institution, Soames, is not far to seek. Once the joys of Chandu become perceptible to the neophyte, a great need is felt--a crying need. One may drink opium or inject morphine; these, and other crude measures, may satisfy temporarily, but if one would enjoy the delights of that fairyland, of that enchanted realm which bountiful nature has concealed in the heart of the poppy, one must retire from the ken of goths and vandals who do not appreciate such exquisite delights; one must dedicate, not an hour snatched from grasping society, but successive days and nights to the goddess”... Soames, barely understanding this discourse, listened eagerly to every word of it, whilst"
2058,Messer Marco Polo,chandu,"Po. There is no one. I love no one, Li Po. I do not. I do not, indeed."" ""Then take your lute and sing me the 'Song of the Willow Branches,' which is the saddest song in the world."" She shook her head, and blushed. ""I cannot sing that song, Li Po. I don't feel like singing that song."" ""Then I must write you another song, Little Golden Bells..."" CHAPTER XIII And now when Marco Polo was rested and had recovered, they brought him from the Convent of the Red Monks to where the khan was in the city of Chandu . Now, there were two palaces in Chandu; there was the winter palace, which was of marble, and the summer palace, which was of gilt cane. Around these palaces there was built a wall sixteen miles in compass, and inside of it was a park of fountains, and rivers and brooks with the speckled trout in them, and meadows with the lark at her ease in the grass, and trees of all varieties where the little birds do be building and none to grudge them a home. And all the wild animals were abundant, the timid hare and the wild"
2161,The Song Book of Quong Lee of Limehouse,chandu,"On a Saying of Mencius That was well said of Mencius: The misfortunes of one are the entertainment of many. When Prosperity attended the occasions of this person, And his heart smiled within him, He was regarded and received on all sides by his fellows With attitudes of dignity and expressions of mandarin-like solemnity, And his laughing heart could fetch no smile To the faces of those about him. But when, on a recent manifestation of evil spirits, He was hailed before those in authority And commanded to pay very many taels, For the fault of possessing some morsels of chandu , the Great Tobacco, And his heart was heavy and dark as a raincloud within him, He was received on all sides With attitudes of mirth and expressions of no-gravity. Dockside Noises There are in Limehouse many sounds; A hundred different sounds by day and night. The crash and mutter of the dockside railway, The noise of quarrel, the noise of fist on face, My country's songs, guitars, and gramophones, The noise of boot on stone, The noise of women bargaining their flesh, The noise of singers in the ships, Sounds of threat and sounds of fear, Blasts of hammer"
63073,Limehouse Nights,chandu,"joints shot jets of light and stealthy voices, and you could hear the whisper of slippered feet, and the stuttering steps of the satyr and the sadist. It was to the café in the middle of the Causeway, lit by the pallid blue light that is the symbol of China throughout the world, that Cheng Huan came, to take a dish of noodle and some tea. Thence he moved to another house whose stairs ran straight to the street, and above whose doorway a lamp glowed like an evil eye. At this establishment he mostly took his pipe of “ chandu ” and a brief chat with the keeper of the house, for, although not popular, and very silent, he liked sometimes to be in the presence of his compatriots. Like a figure of a shadowgraph he slid through the door and up the stairs. The chamber he entered was a bit of the Orient squatting at the portals of the West. It was a well-kept place where one might play a game of fan-tan, or take a shot or so of _li-un_, or purchase other varieties of Oriental delight. It was sunk in a purple dusk, though here and there"
2851,Sixes and Sevens,codein,"save time I diagnosed my case, touched my nose with my right forefinger, struck myself below the knee to make my foot kick, sounded my chest, stuck out my tongue, and asked him the price of cemetery lots in Pineville. He lit his pipe and looked at me for about three minutes. “Brother,” he said, after a while, “you are in a mighty bad way. There’s a chance for you to pull through, but it’s a mighty slim one.” “What can it be?” I asked eagerly. “I have taken arsenic and gold, phosphorus, exercise, nux vomica, hydrotherapeutic baths, rest, excitement, codein , and aromatic spirits of ammonia. Is there anything left in the pharmacopœia?” “Somewhere in these mountains,” said the doctor, “there’s a plant growing—a flowering plant that’ll cure you, and it’s about the only thing that will. It’s of a kind that’s as old as the world; but of late it’s powerful scarce and hard to find. You and I will have to hunt it up. I’m not engaged in active practice now: I’m getting along in years; but I’ll take your case. You’ll have to come every day in the afternoon and help me hunt for this plant till"
55276,Twilight,codein,"Your Margaret”—I smiled at him then, knowing he would not understand—“comes to me sometimes at night with my nepenthe, but all day I am alone.” “By your own desire then, I swear. You are not a woman to be left alone if you wanted company.” He dropped into a chair, seemed glad to stay. Presently over tea and crumpets, we were really talking of my illness, and if I had permitted it I have no doubt he would have gone into the matter more closely. As it was he warned me solemnly against the nepenthe and suggested I should try codein as an alternative, a suggestion I ignored completely, unfortunately for myself. “Tell me about your partner,” I said, drinking my tea slowly. “Oh! you’ll like him, all the ladies like him. He is very spruce and rather handsome; dapper, band-boxy. Not tall, turning grey....” “Did she like him?” I persisted. “She would not have him near her. After his first visit she denied herself to him all the time. He used to talk to me about her, he could never understand it, he was not used to that sort of treatment, he is a tremendous favourite about here.” “What did"
55276,Twilight,codein,"nevertheless, and we quarrelled bitterly. The least drawback, however, and I could not bear her out of the room. She did not reproach me, I must say that for her. When a horrible bilious attack followed an invalid dinner of melon and _homard à l’américaine_ she stood by my side for hours trying every conceivable remedy. And without a word of reproach. After my hæmorrhage I had a few weeks’ rest from the neuritis and then it started again. I cried out for my forsaken nepenthe, but Peter Kennedy and Nurse Benham for once agreed, persuaded or forced me to codein . Dear half-sister to my beloved morphia, we became friends at once. Three or four days later the neuritis went suddenly, and has never returned. One night I took the nepenthe as well, and that night I saw Margaret Capel again. “When are you going to begin?” she asked me at once. “The very moment I can hold a pen. Now my hand shakes. And Ella or nurse is always here—I am never alone.” “You’ve forgotten all about me,” she said with indescribable sadness. “You won’t write it at all.” “No, I haven’t. I shall. But when one has been"
55276,Twilight,codein,"inside.” “So you make me guardian and executrix....” “Margaret herself said you were to have them,” he answered seriously. “She didn’t tell you so. You have only my word for it,” I retorted. “Better evidence than that, although that would have been enough. How else did you know they were in existence? Why were you looking for them?” The parcel lay on the quilt, and all sorts of difficulties rose in my mind. I would not open it unless I was alone, and I was never alone; literally never alone unless I was supposed to be asleep. And, thanks to codein , when I was supposed to be asleep the supposition was generally correct! Thinking aloud, I asked Dr. Kennedy: “Am I out of danger?” He answered lightly and evasively: “No one is ever really out of danger. I take my life in my hands every time I go in my motor.” “Oh, yes! I’ve heard about your driving,” I answered drily. He laughed. “I am supposed to be reckless, but really I am only unlucky. With luck now....” “Yes, with luck?” “You might go on for any time. I shouldn’t worry about that if I were you. You are getting"
55276,Twilight,codein,"tentative effort before Ella left. “I don’t want to settle off to sleep just yet, nurse, I should like to read a little. There is a packet of letters....” “No! No! I wouldn’t hear of such a thing. Starting reading at ten o’clock. What will you be wanting to do next?” “It would not do me any harm,” I answered irritably. “I’ve told you before it does me more harm to be contradicted every time I make a suggestion.” “Well, you won’t get me to help you to commit suicide. Night is the time for sleep, and you’ve had your codein .” “The codein does not send me to sleep, it only soothes and quiets me.” “All the more reason you should not wake yourself up by any old letters.” She argued, and I.... At the end I was too tired and out of humour to insist. I made up my mind to do without a nurse as soon as possible, and in the meantime not to argue but to circumvent her. At this time, before Ella went, I was getting up every day for a few hours, lying on the couch by the window. I tested my strength and found"
1182,Dope,heroin,"the deeper shadows, then reclosed the water-gate and ascended to the room where Sir Lucien awaited. Such was the receiving office of Sin Sin Wa. While the wharf remained untenanted it was not likely to be discovered by the authorities, for even at low tide the river-door was invisible from passing craft. Prospective lessees who had taken the trouble to inquire about the rental had learned that it was so high as to be prohibitive. Sin Sin Wa paid fair prices and paid cash. This was no more than a commercial necessity. For those who have opium, cocaine, veronal, or heroin to sell can always find a ready market in London and elsewhere. But one sufficiently curious and clever enough to have solved the riddle of the vacant wharf would have discovered that the mysterious owner who showed himself so loath to accept reasonable offers for the property could well afford to be thus independent. Those who control “the traffic” control El Dorado—a city of gold which, unlike the fabled Manoa, actually exists and yields its riches to the unscrupulous adventurer. Smiling his mirthless, eternal smile, Sin Sin Wa placed the newly purchased stock upon a shelf immediately behind Sam Tûk;"
49525,First Lensman,heroin,"Samms?"" Knobos asked, in deadly earnest. ""I am not _sure_ that this particular agreement was about thionite, no; but the probability is roughly nine-tenths. I _am_ sure, however, that both Senator Morgan and Ossmen know a lot about thionite that they want to hide. Both gave very high positive reactions--well beyond the six-sigma point of virtual certainty."" There was a pause, broken by the Martian, but not by a thought directed at any one of the three. ""Sid!"" he called, and even Jill could feel the Lensed thought speed. ""Yes, Knobos? Fletcher."" ""That haul-in you made, out in the asteroids. Heroin , hadive, and ladolian, wasn't it? No thionite involved anywhere?"" ""No thionite. However, you must remember that part of the gang got away, so all I can say positively is that we didn't see, or hear about, any thionite. There was some gossip, of course: but you know there always is."" ""Of course. Thanks, Sid."" Jill could feel the brilliant Martian's mental gears whirl and click. Then he went into such a flashing exchange of thought with the Venerian that the girl lost track in seconds. ""One more question, Miss Samms?"" DalNalten asked. ""Have you detected any indications that there"
5073,The War Terror,heroin,"all, Walter,” he said as we swung aboard an uptown car, “I want to stop at the laboratory.” In his den, which had been the scene of so many triumphs, Kennedy began a hasty examination of the tablets, powdering one and testing it with one chemical after another. “What are they?” I asked at length when he seemed to have found the right reaction which gave him the clue. “Happy dust,” he answered briefly. “Happy dust?” I repeated, looking at him a moment in doubt as to whether he was joking or serious. “What is that?” “The Tenderloin name for heroin —a comparatively new derivative of morphine. It is really morphine treated with acetic acid which renders it more powerful than morphine alone.” “How do they take them? What’s the effect?” I asked. “The person who uses heroin usually powders the tablets and snuffs the powder up the nose,” he answered. “In a short time, perhaps only two or three weeks, one can become a confirmed victim of ‘happy dust.’ And while one is under its influence he is morally, physically and mentally irresponsible.” Kennedy was putting away the paraphernalia he had used, meanwhile talking about the drug. “One of the"
5163,Guy Garrick,heroin,"only stare at the outfit before me, speechless. ""In Paris, where I got this,"" continued Garrick, ""they call these people who use it, 'endormeurs'--sleepmakers. That must have been what the Chief meant when he used that word. I knew it."" ""Sleepmakers,"" I repeated in horror at the very idea of such a thing being attempted on a young girl like Violet Winslow. ""Yes. The standard equipment of such a criminal consists of these little thin glass globes, a tiny glass hypodermic syringe with a sharp steel point, doped cigars and cigarettes. They use various derivatives of opium, like morphine and heroin , also codeine, dionin, narcein, ethyl chloride and bromide, nitrite of amyl, amylin,--and the skill that they have acquired in the manipulation of these powerful drugs stamps them as the most dangerous coterie of criminals in existence. Now,"" he concluded, ""doubt it or not, we have to deal with a man who is a proficient student of these sleepmakers. Who is he, where is he, and when will he strike?"" Garrick was now pacing excitedly up and down the room. ""You see,"" he added, ""the police of Europe by their new scientific methods are driving such criminals out of the"
53289,The Restless Sex,heroin,"continued to tint photographs and skate as long as she was able to be about; he loafed in front of theatres and hotels, with a quarter in change in his pockets, but always came back to meals. On sunny afternoons, when he felt well, he strolled about the residence section or reposed in his room waiting, probably, for Opportunity to knock and enter. But nothing came except the baby. About that time, too, both lungs being in bad condition, young Quest began those various and exhaustive experiments in narcotics, which sooner or later interest such men. And he finally discovered heroin . Finding it an agreeable road to hell, the symptomatic characteristics of an addict presently began to develop in him, and he induced his young wife to share the pleasures of his pharmaceutical discovery. They and their baby continued to encumber the apartment for a year or two before the old people died—of weariness perhaps, perhaps of old age—or grief—or some similar disease so fatal to the aged. Anyway, they died, and there remained nothing in the estate not subject to creditors. And, as tinted photographs had gone out of fashion even in Utica, and as the advent of moving"
1182,Dope,laudanum,"surely,” said Rita, “one pipe of opium will not produce all these wonders.” “Some people never experience them at all,” interrupted Miss Gretna. “The great idea is to get into a comfortable position, and just resign yourself—let yourself go. Oh, it’s heavenly!” Cyrus Kilfane turned his dull eyes in Rita’s direction. “A question of temperament and adaptability,” he murmured. “De Quincey, Pyne”—slowly turning towards the baronet—“is didactic, of course; but his _Confessions_ may be true, nevertheless. He forgets, you see, that he possessed an unusual constitution, and the temperament of a Norwegian herring. He forgets, too, that he was a laudanum drinker, not an opium smoker. Now you, my daughter”—the lustreless eyes again sought Rita’s flushed face—“are vivid—intensely vital. If you can succeed in resigning yourself to the hypnosis induced your experiences will be delightful. Trust your Uncle Cy.” Leaving Rita chatting with Miss Gretna, Kilfane took Pyne aside, offering him a cigarette from an ornate, jewelled case. “Hello,” said the baronet, “can you still get these?” “With the utmost difficulty,” murmured Kilfane, returning the case to his pocket. “Lola charges me five guineas a hundred for them, and only supplies them as a favor. I shall be glad to get"
1646,Roads of Destiny,laudanum,"old _mortuis nisi bonum_. Look at Antietam and Bull Run and Seven Pines and around Nashville! There never was a battle where we didn't lick ye unless you was ten to our one. I knew you were a blame Yankee the minute I laid eyes on you.' ""'Don't reopen the chasm, Doc,' I begs him. 'Any Yankeeness I may have is geographical; and, as far as I am concerned, a Southerner is as good as a Filipino any day. I'm feeling to bad too argue. Let's have secession without misrepresentation, if you say so; but what I need is more laudanum and less Lundy's Lane. If you're mixing that compound gefloxide of gefloxicum for me, please fill my ears with it before you get around to the battle of Gettysburg, for there is a subject full of talk.' ""By this time Doc Millikin had thrown up a line of fortifications on square pieces of paper; and he says to me: 'Yank, take one of these powders every two hours. They won't kill you. I'll be around again about sundown to see if you're alive.' ""Old Doc's powders knocked the chagres. I stayed in San Juan, and got to knowing him better."
2776,The Four Million,laudanum,"call you ‘Pete,’” says my master; and if I’d had five tails I couldn’t have done enough wagging to do justice to the occasion. THE LOVE-PHILTRE OF IKEY SCHOENSTEIN The Blue Light Drug Store is downtown, between the Bowery and First Avenue, where the distance between the two streets is the shortest. The Blue Light does not consider that pharmacy is a thing of bric-a-brac, scent and ice-cream soda. If you ask it for pain-killer it will not give you a bonbon. The Blue Light scorns the labour-saving arts of modern pharmacy. It macerates its opium and percolates its own laudanum and paregoric. To this day pills are made behind its tall prescription desk—pills rolled out on its own pill-tile, divided with a spatula, rolled with the finger and thumb, dusted with calcined magnesia and delivered in little round pasteboard pill-boxes. The store is on a corner about which coveys of ragged-plumed, hilarious children play and become candidates for the cough drops and soothing syrups that wait for them inside. Ikey Schoenstein was the night clerk of the Blue Light and the friend of his customers. Thus it is on the East Side, where the heart of pharmacy is not glacé."
4085,The Adventures of Roderick Random,laudanum,"the negligence of my servants, who suffered a beast, a mule, a bear, to surprise me, and stink me into convulsions with the fumes of tobacco.” Simper, who by this time, I found, was obliged to act for the clearness of his complexion, assumed an air of softness and sympathy, and lamented with many tender expressions of sorrow, the sad accident that had thrown him into that condition; then, feeling his patient’s pulse on the outside of his glove, gave it as his opinion, that his disorder was entirely nervous, and that some drops of tincture of castor, and liquid laudanum , would be of more service to him than bleeding, by bridling the inordinate sallies of his spirits, and composing the fermentation of his bile. I was therefore sent to prepare this prescription, which was administered in a glass of sack posset, after the captain had been put to bed, and orders sent to the officers on the quarter-deck, to let nobody walk on that side under which he lay. While the captain enjoyed his repose the doctor watched over him, and indeed became so necessary, that a cabin was made for him contiguous to the state room where Whiffle"
7306,Autobiographic Sketches,laudanum,"were moulded by the gentlest of sisters, and not by horrid, pugilistic brothers; finally, that I and they were dutiful and loving members of a pure, holy, and magnificent church. * * * * * The earliest incidents in my life, which left stings in my memory so as to be remembered at this day, were two, and both before I could have completed my second year; namely, 1st, a remarkable dream of terrific grandeur about a favorite nurse, which is interesting to myself for this reason--that it demonstrates my dreaming tendencies to have been constitutional, and not dependent upon laudanum ; [3] and, 2dly, the fact of having connected a profound sense of pathos with the reappearance, very early in the spring, of some crocuses. This I mention as inexplicable: for such annual resurrections of plants and flowers affect us only as memorials, or suggestions of some higher change, and therefore in connection with the idea of death; yet of death I could, at that time, have had no experience whatever. This, however, I was speedily to acquire. My two eldest sisters-- eldest of three _then_ living, and also elder than myself--were summoned to an early death. The first who"
1182,Dope,morphine,"tiny bowl of one of the ivory pipes, having first held the bowl inverted for a moment over the lamp. She turned to Rita. “The guest of the evening,” she said. “Do not be afraid. Inhale—oh, so gentle—and blow the smoke from the nostrils. You know how to smoke?” “The same as a cigarette?” asked Rita excitedly, as Mrs. Sin bent over her. “The same, but very, very gentle.” Rita took the pipe and raised the mouthpiece to the lips. CHAPTER XIV. IN THE SHADE OF THE LONELY PALM Persian opium of good quality contains from ten to fifteen percent morphine , and _chandu_ made from opium of Yezd would contain perhaps twenty-five per cent of this potent drug; but because in the act of smoking distillation occurs, nothing like this quantity of morphine reaches the smoker. To the distilling process, also, may be due the different symptoms resulting from smoking _chandu_ and injecting morphia—or drinking tincture of opium, as De Quincey did. Rita found the flavor of the preparation to be not entirely unpleasant. Having overcome an initial aversion, caused by its marked medicinal tang, she grew reconciled to it and finished her first smoke without experiencing any other effect"
1923,The Poisoned Pen,morphine,"I sometimes thought he enjoyed more keenly than any other in his relentless tracing down of a criminal. ""What was it that caused Miss Gilbert's death?"" asked Kennedy. ""The coroner's physician did not seem to be thoroughly satisfied with the theory of physical violence alone. Nor did I. Some one, I believe, exerted a peculiar force in order to get her into his power. What was that force? At first I thought it might have been the hackneyed knock-out drops, but tests by the coroner's physician eliminated that. Then I thought it might be one of the alkaloids, such as morphine , cocaine, and others. But it was not any of the usual things that was used to entice her away from her family and friends. >From tests that I have, made I have discovered the one fact necessary to complete my case, the drug used to lure her and against which she fought in deadly struggle."" He placed a test tube in a rack before us. ""This tube,"" he continued, ""contains one of the most singular and, among us, least known of the five common narcotics of the world - tobacco, opium, coca, betel nut, and hemp. It can be"
2028,The Yellow Claw,morphine,"circumstances surprised him to a marked degree. We came in and I turned up the light in the lobby. Then Leroux, entering the study, turned up the light there, too. I entered next, followed by Mr. Exel--and we saw the body lying where you see it now.” “Who saw it first?” “Mr. Leroux; he drew my attention to it, saying that he had left her lying on the chesterfield and NOT upon the floor.” “You examined her?” “I did. She was dead, but still warm. She exhibited signs of recent illness, and of being addicted to some drug habit; probably morphine . This, beyond doubt, contributed to her death, but the direct cause was asphyxiation. She had been strangled!” “My God!” groaned Leroux, dropping his face into his hands. “You found marks on her throat?” “The marks were very slight. No great pressure was required in her weak condition.” “You did not move the body?” “Certainly not; a more complete examination must be made, of course. But I extracted a piece of torn paper from her clenched right hand.” Inspector Dunbar lowered his tufted brows. “I'm not glad to know you did that,” he said. “It should have been left.” “It"
2851,Sixes and Sevens,morphine,"going to take about four grains of quinine, if you don’t mind— I’m feeling all blue and shivery. Guess I’m taking cold.” “All right,” I called back. “The bottle is on the second shelf. Take it in a spoonful of that elixir of eucalyptus. It knocks the bitter out.” After I came back we sat by the fire and got our briars going. In about eight minutes Tom sank back into a gentle collapse. I went straight to the medicine cabinet and looked. “You unmitigated hayseed!” I growled. “See what money will do for a man’s brains!” There stood the morphine bottle with the stopple out, just as Tom had left it. I routed out another young M.D. who roomed on the floor above, and sent him for old Doctor Gales, two squares away. Tom Hopkins has too much money to be attended by rising young practitioners alone. When Gales came we put Tom through as expensive a course of treatment as the resources of the profession permit. After the more drastic remedies we gave him citrate of caffeine in frequent doses and strong coffee, and walked him up and down the floor between two of us. Old Gales pinched him"
5007,The Poisoned Pen,morphine,"I sometimes thought he enjoyed more keenly than any other in his relentless tracing down of a criminal. ""What was it that caused Miss Gilbert's death?"" asked Kennedy. ""The coroner's physician did not seem to be thoroughly satisfied with the theory of physical violence alone. Nor did I. Some one, I believe, exerted a peculiar force in order to get her into his power. What was that force? At first I thought it might have been the hackneyed knockout drops, but tests by the coroner's physician eliminated that. Then I thought it might be one of the alkaloids, such as morphine , cocaine, and others. But it was not any of the usual things that was used to entice her away from her family and friends. From tests that I have made I have discovered the one fact necessary to complete my case, the drug used to lure her and against which she fought in deadly struggle."" He placed a test tube in a rack before us. ""This tube,"" he continued, ""contains one of the most singular and, among us, least known of the five common narcotics of the world--tobacco, opium, coca, betel nut, and hemp. It can be smoked, chewed,"
2277,Condensed Novels,narcotic,"towards her. ""Excuse me, but do you know what those berries are?"" He was pointing to the low bush filled with dark clusters of shining--suspiciously shining--fruit. ""Certainly; they are blueberries."" ""Pardon me; you are mistaken. They belong to quite another family."" Miss Impudence drew herself up to her full height (exactly three feet nine and a half inches), and, curling an eight of an inch of scarlet lip, said, scornfully. ""YOUR family, perhaps."" Faraday Little smiled in the superiority of boyhood over girlhood. ""I allude to the classification. That plant is the belladonna, or deadly nightshade. Its alkaloid is a narcotic poison."" Sauciness turned pale. ""I--have--just--eaten--some!"" And began to whimper. ""O dear, what shall I do?"" Then did it, i. e. wrung her small fingers and cried. ""Pardon me one moment."" Little passed his arm around her neck, and with his thumb opened widely the patrician-veined lids of her sweet blue eyes. ""Thank Heaven, there is yet no dilation of the pupil; it is not too late!"" He cast a rapid glance around. The nozzle and about three feet of garden hose lay near him. ""Open your mouth, quick!"" It was a pretty, kissable mouth. But young Little meant business. He"
2385,Gala-Days,narcotic,"Railway, and reached Island Pond at midnight,--in time to see the magnificent Northern Lights flashing, flickering, wavering, streaming, and darting over the summer sky; and as the people in the Pond were many and the rooms few, we had plenty of time to enjoy the sight. It was exciting, fascinating, almost bewildering; and feeling the mystic mood, I proposed to write a poem on it, to which Halicarnassus said he had not the smallest objection, provided he should not be held liable to read it, adding, as he offered me his pencil, that it was just the thing,--he wanted some narcotic to counteract the stimulus of the fresh cold air after the long and heated ride, or he should get no sleep for the night. I do not believe there is in our beautiful but distracted country a single person who is the subject of so cold-blooded, unprovoked, systematic, malignant neglect and abuse on any one point as the writer of these short and simple annals on this. If there is one thing in the whole range of human possibilities on which I pride myself, it is my poetry. I cannot do much at prose. That requires a depth, an equilibrium,"
2689,Over the Teacups,narcotic,"might suppose we must have been. We had been favored with the blessing of long life. We had seen the drama well into its fifth act. The sun still warmed us, the air was still grateful and life-giving. But there was another underlying source of our cheerful equanimity, which we could not conceal from ourselves if we had wished to do it. Nature's kindly anodyne is telling upon us more and more with every year. Our old doctors used to give an opiate which they called “the black drop.” It was stronger than laudanum, and, in fact, a dangerously powerful narcotic . Something like this is that potent drug in Nature's pharmacopoeia which she reserves for the time of need,--the later stages of life. She commonly begins administering it at about the time of the “grand climacteric,” the ninth septennial period, the sixty-third year. More and more freely she gives it, as the years go on, to her grey-haired children, until, if they last long enough, every faculty is benumbed, and they drop off quietly into sleep under its benign influence. Do you say that old age is unfeeling? It has not vital energy enough to supply the waste of the"
41752,The City of Beautiful Nonsense,narcotic,"CHAPTER XIII THE INVENTORY All this had happened more than a year ago, and the sense of shame, accompanying that first confession, had been worn to the dull surface, incapable of reflecting the finer feelings of the mind. Under the very nose of that editor who was considering his last short story, John would have stepped boldly into the suspicious-looking little passage; returning the smile of the girl who sold him stamps in the post-office, he would have entered shamelessly the chapel of unredemption. Such is the reward of the perpetual sin of poverty. It brings with it the soothing narcotic of callousness, of indifference--and that perhaps is the saddest sin of all. The watch-chain went that morning with the ease of a transaction constantly performed. There was no need to haggle over the price this time. The same price had been paid many times before. It came last but one on the list of things to be pawned. Last of all was the little brass man--the last to be pledged, the first to be redeemed. There is always an order in these things and it never varies. When pledging, you go from top to bottom of the list; when redeeming,"
5163,Guy Garrick,narcotic,"peculiar about it. In the nose, which was steel-jacketed, were several little round depressions, just the least fraction of an inch in depth. ""It is no wonder Warrington was put out, even by that superficial wound,"" remarked Garrick at last. ""His assailant's aim may have been bad, as it must necessarily have been from one rapidly approaching car at a person in another rapidly moving car, also. But the motor bandit, whoever he is, provided against that. That bullet is what is known as an anesthetic bullet."" ""An anesthetic bullet?"" repeated both Dr. Mead and myself. ""What is that?"" ""A narcotic bullet,"" Garrick explained, ""a sleep-producing bullet, if you please, a sedative bullet that lulls its victim into almost instant slumber. It was invented quite recently by a Pittsburgh scientist. The anesthetic bullet provides the poor marksman with all the advantages of the expert gunman of unerring aim."" I marvelled at the ingenuity of the man who could figure out how to overcome the seeming impossibility of accurate shooting from a car racing at high speed. Surely, he must be a desperate fellow. While we were talking, the doctor's wife who had been attending Warrington until a nurse arrived, came to"
1065,The Raven,nepenthe,"Meant in croaking “Nevermore.” This I sat engaged in guessing, but no syllable expressing To the fowl whose fiery eyes now burned into my bosom’s core; This and more I sat divining, with my head at ease reclining On the cushion’s velvet lining that the lamp-light gloated o’er, But whose velvet violet lining with the lamp-light gloating o’er _She_ shall press, ah, nevermore! Then, methought, the air grew denser, perfumed from an unseen censer Swung by Seraphim whose foot-falls tinkled on the tufted floor. “Wretch,” I cried, “thy God hath lent thee—by these angels he hath sent thee Respite—respite and nepenthe from thy memories of Lenore! Quaff, oh quaff this kind nepenthe and forget this lost Lenore!” Quoth the Raven, “Nevermore.” “Prophet!” said I, “thing of evil!—prophet still, if bird or devil!— Whether Tempter sent, or whether tempest tossed thee here ashore, Desolate, yet all undaunted, on this desert land enchanted— On this home by Horror haunted—tell me truly, I implore— Is there—_is_ there balm in Gilead?—tell me—tell me, I implore!” Quoth the Raven, “Nevermore.” “Prophet!” said I, “thing of evil!—prophet still, if bird or devil! By that Heaven that bends above us—by that God we both adore— Tell this soul"
2028,The Yellow Claw,nepenthe,"Mr. King fear from the officers of the law? How puny a thing was the law in comparison with the director of that secret, powerful, invulnerable organization whereof to-day he (Soames) formed an unit! Then, oddly, the old dormant cowardice of the man received a sudden spurring, and leaped into quickness. An evening paper lay upon the marble top of the table, and carelessly taking it up, Soames, hitherto lost in imaginings, was now reminded that for more than a week he had lain in ignorance of the world's doings. Good Heavens! how forgetful he had been! It was the nepenthe of the catacombs. He must make up for lost time and get in touch again with passing events: especially he must post himself up on the subject of... the murder.... The paper dropped from his hands, and, feeling himself blanch beneath his artificial tan, Soames, in his old furtive manner, glanced around the saloon to learn if he were watched. Apparently no one was taking the slightest notice of him, and, with an unsteady hand, he raised his glass and drained its contents. There, at the bottom of the page before him, was the cause of this sudden panic; a"
5073,The War Terror,nepenthe,"first visit had been so quiet and unostentatious that the second attracted no attention or comment from the waiters, or anyone else. As we sat down we glanced over, and there in his corner still was Whitecap. Apparently his supply of the dope was inexhaustible, for he was still dispensing it. As we watched the tenderloin habitues come and go, I came soon to recognize the signs by the mere look on the face—the pasty skin, the vacant eye, the nervous quiver of the muscles as though every organ and every nerve were crying out for more of the favorite nepenthe . Time and again I noticed the victims as they sat at the tables, growing more and more haggard and worn, until they could stand it no longer. Then they would retire, sometimes after a visit across the floor to Whitecap, more often directly, for they had stocked themselves up with the drug evidently after the first visit to him. But always they would come back, changed in appearance, with what seemed to be a new lease of life, but nevertheless still as recognizable as drug victims. It was not long, as we waited, before another woman, older than Miss"
512,Mosses from an old manse,nepenthe,"combining, if not all the delicacies of the season, yet all the rarities which careful purveyors had met with in the flesh, fish, and vegetable markets of the land of Nowhere. The bill of fare being unfortunately lost, we can only mention a phoenix, roasted in its own flames, cold potted birds of paradise, ice-creams from the Milky-Way, and whip syllabubs and flummery from the Paradise of Fools, whereof there was a very great consumption. As for drinkables, the temperance people contented themselves with water as usual; but it was the water of the Fountain of Youth; the ladies sipped Nepenthe ; the lovelorn, the careworn, and the sorrow-stricken were supplied with brimming goblets of Lethe; and it was shrewdly conjectured that a certain golden vase, from which only the more distinguished guests were invited to partake, contained nectar that had been mellowing ever since the days of classical mythology. The cloth being removed, the company, as usual, grew eloquent over their liquor and delivered themselves of a succession of brilliant speeches,—the task of reporting which we resign to the more adequate ability of Counsellor Gill, whose indispensable co-operation the Man of Fancy had taken the precaution to secure. When the"
55276,Twilight,nepenthe,"man,” he said seriously. “And are you not?” By this time my legs were aching badly and I wanted to get rid of him. “In the morning, then.” He seemed as if he would have spoken again, but thought better of it. He had certainly a personality, but one that I was not sure I liked. He took an inconceivable time winding up or starting his machine, the buzz of it was in my ears long after he went off, blowing an unnecessary whistle, making my pain unbearable. I dined in bed and treated myself to an extra dose of nepenthe on the excuse of the fatigue of my journey. The prescription had been given to me by one of those eminent London physicians of whom I hope one day to make a pen-and-ink drawing. It is an insidious drug with varying effects. That night I remember the pain was soon under weigh and the strange half-wakeful dreams began early. It was good to be out of pain even if one knew it to be only a temporary deliverance. The happiness of a recovered amiability soon became mine, after which conscience began to worry me because I had been ungrateful to"
1182,Dope,opium,"again. He stood on the tiger-skin rug before the fender, watching his cousin and smoking furiously. “Firstly, then,” continued Margaret, “please throw that cigarette in the fire, Quentin.” Gray removed the cigarette from between his lips, and stared at it dazedly. He looked at the girl, and the clear grey eyes were watching him with an inscrutable expression. “Right-o!” he said awkwardly, and tossed the cigarette in the fire. “You used to smoke like a furnace, Margaret. Is this some new ‘cult’?” “I still smoke a great deal more than is good for me,” she confessed, “but I don’t smoke opium .” The effect of these words upon the two men who listened was curious. Gray turned an angry glance upon the brown packet lying on the table, and “Faugh!” he exclaimed, and drawing a handkerchief from his sleeve began disgustedly to wipe his lips. Seton stared hard at the speaker, tossed his cheroot into the fire, and taking up the packet withdrew a cigarette and sniffed at it critically. Margaret watched him. He tore the wrapping off, and tasted a strand of the tobacco. “Good heavens!” he whispered. “Gray, these things are doped!” CHAPTER X. SIR LUCIEN’S STUDY WINDOW Old"
1923,The Poisoned Pen,opium,"it might be one of the alkaloids, such as morphine, cocaine, and others. But it was not any of the usual things that was used to entice her away from her family and friends. >From tests that I have, made I have discovered the one fact necessary to complete my case, the drug used to lure her and against which she fought in deadly struggle."" He placed a test tube in a rack before us. ""This tube,"" he continued, ""contains one of the most singular and, among us, least known of the five common narcotics of the world - tobacco, opium , coca, betel nut, and hemp. It can be smoked, chewed, used as a drink, or taken as a confection. In the form of a powder it is used by the narghile smoker. As a liquid it can be taken as an oily fluid or in alcohol. Taken in any of these forms, it literally makes the nerves walk, dance, and run. It heightens the feelings and sensibilities to distraction, producing what is really hysteria. If the weather is clear, this drug will make life gorgeous; if it rains, tragic. Slight vexation becomes deadly revenge; courage becomes rashness; fear, abject"
2028,The Yellow Claw,opium,"CIVET FURS II MIDNIGHT--AND MR. KING III INSPECTOR DUNBAR TAKES CHARGE IV A WINDOW IS OPENED V DOCTORS DIFFER VI AT SCOTLAND YARD VII THE MAN IN THE LIMOUSINE VIII CABMEN TWO IX THE MAN IN BLACK X THE GREAT UNDERSTANDING XI PRESENTING M. GASTON MAX XII MR. GIANAPOLIS XIII THE DRAFT ON PARIS XIV EAST 18642 XV CAVE OF THE GOLDEN DRAGON XVI HO-PIN'S CATACOMBS XVII KAN-SUH CONCESSIONS XVIII THE WORLD ABOVE XIX THE LIVING DEAD XX ABRAHAM LEVINSKY BUTTS IN XXI THE STUDIO IN SOHO XXII M. MAX MOUNTS CAGLIOSTRO'S STAIRCASE XXIII RAID IN THE RUE ST.-CLAUDE XXIV OPIUM XXV FATE'S SHUTTLECOCK XXVI “OUR LADY OF THE POPPIES” XXVII GROVE OF A MILLION APES XXVIII THE OPIUM AGENT XXIX M. MAX OF LONDON AND M. MAX OF PARIS XXX MAHARA XXXI MUSK AND ROSES XXXII BLUE BLINDS XXXIII LOGIC VS. INTUITION XXXIV M. MAX REPORTS PROGRESS XXXV TRACKER TRACKED XXXVI IN DUNBAR'S ROOM XXXVII THE WHISTLE XXXVIII THE SECRET TRAPS XXXIX THE LABYRINTH XL DAWN AT THE NORE XLI WESTMINSTER--MIDNIGHT THE YELLOW CLAW I THE LADY OF THE CIVET FURS Henry Leroux wrote busily on. The light of the table-lamp, softened and enriched by its mosaic shade, gave an"
5007,The Poisoned Pen,opium,"I thought it might be one of the alkaloids, such as morphine, cocaine, and others. But it was not any of the usual things that was used to entice her away from her family and friends. From tests that I have made I have discovered the one fact necessary to complete my case, the drug used to lure her and against which she fought in deadly struggle."" He placed a test tube in a rack before us. ""This tube,"" he continued, ""contains one of the most singular and, among us, least known of the five common narcotics of the world--tobacco, opium , coca, betel nut, and hemp. It can be smoked, chewed, used as a drink, or taken as a confection. In the form of a powder it is used by the narghile smoker. As a liquid it can be taken as an oily fluid or in alcohol. Taken in any of these forms, it literally makes the nerves walk, dance, and run. It heightens the feelings and sensibilities to distraction, producing what is really hysteria. If the weather is clear, this drug will make life gorgeous; if it rains, tragic. Slight vexation becomes deadly revenge; courage becomes rashness; fear, abject"
5073,The War Terror,opium,"great deal more clever than even Kennedy gave her credit for being, whether she might not have submitted to his tests for pure love of pulling the wool over his eyes. Downstairs again, Kennedy paused only long enough to speak a few words with his friend Dr. Klemm. “I suppose you have no idea what Dr. Maudsley has prescribed for her?” he asked carelessly. “Nothing, as far as I know, except rest and simple food.” He seemed to hesitate, then he said under his voice, “I suppose you know that she is a regular dope fiend, seasons her cigarettes with opium , and all that.” “I guessed as much,” remarked Kennedy, “but how does she get it here?” “She doesn’t.” “I see,” remarked Craig, apparently weighing now the man before him. At length he seemed to decide to risk something. “Klemm,” he said, “I wish you would do something for me. I see you have the vocaphone here. Now if—say Hazleton—should call—will you listen in on that vocaphone for me?” Dr. Klemm looked squarely at him. “Kennedy,” he said, “it’s unprofessional, but—-” “So it is to let her be doped up under guise of a cure.” “What?” he asked, startled. “She’s"
1646,Roads of Destiny,paregoric,"park, driven by hunger, he had committed an onslaught upon a bottle of peptonized infant's food in the possession of an occupant of a baby carriage. The outraged infant had so promptly opened its mouth and pressed the button that communicated with the welkin that help arrived, and Chicken did his thirty days in a snug coop. Wherefore he was, as he said, ""leary of kids."" Beginning artfully to question the boy concerning his choice of sweets, he gradually drew out the information he wanted. Mamma said he was to ask the drug store man for ten cents' worth of paregoric in the bottle; he was to keep his hand shut tight over the dollar; he must not stop to talk to anyone in the street; he must ask the drug-store man to wrap up the change and put it in the pocket of his trousers. Indeed, they had pockets--two of them! And he liked chocolate creams best. Chicken went into the store and turned plunger. He invested his entire capital in C.A.N.D.Y. stocks, simply to pave the way to the greater risk following. He gave the sweets to the youngster, and had the satisfaction of perceiving that confidence was established."
1920,Billy Baxter's Letters,paregoric,"girl certainly made you look like a trailer. Never mind, Jim, old pal, we have all had a crimp put into us at one time or another, and if you work hard and observe good hours you'll get over it in four or five years. It's nothing at all. I have often thought I would land a girl with coin, blow business, and sit around for a while. It would be great to have your own hearthstone with a couple of registered St. Bernard's lying around, and here and there a golden-haired darling romping and playing with a bottle of paregoric . But somehow or other I always fall down. Now, take that Katherine Clark, who has been visiting the Hemingways for the past month. When she first came I said to myself, ""Billy, my boy, here's your chance; break in and cop out an heiress."" So I sicked myself on to her. Well, you know I'm not a piker. I went after her right. Eats, drinks, shows, and all the expensive things. I touched Johnny Black's brother-in-law for fifty, and gave an informal luncheon that was a pippin. I wore my New York Central shirt with the four stripes, and"
2277,Condensed Novels,paregoric,"the circulating libraries, innocent girls don't know into what society they might be obliged to take situations. Never saw missus' marriage certificate, though I have quite accidental-like looked in her desk when open, and would have seen it. Do not know of any lovers missus might have had. Believe she had a liking for John Thomas, footman, for she was always spiteful-like--poor lady--when we were together--though there was nothing between us, as Cook well knows, and dare not deny, and missus needn't have been jealous. Have never seen arsenic or Prussian acid in any of the private drawers--but have seen paregoric and camphor. One of my master's friends was a Count Moscow, a Russian papist--which I detested. CHAPTER II. THE SLIM YOUNG MAN'S STORY. I am by profession a reporter, and writer for the press. I live at Pultneyville. I have always had a passion for the marvellous, and have been distinguished for my facility in tracing out mysteries, and solving enigmatical occurrences. On the night of the 17th June, 1845, I left my office and walked homeward. The night was bright and starlight. I was revolving in my mind the words of a singular item I had just read in"
2392,Further Adventures of Lad,paregoric,"the village, where her husband met her. The two proceeded together to the local motion picture theater. There, they laughed so loudly over the comedy on the screen that the manager had to warn them to be quieter. At once, the couple became noisily abusive. And they were ordered ignominiously from the theater. There could scarcely have been a better alibi to prove their absence of complicity in the kidnaping. Meanwhile, the two brothers continued quietly on their journey toward Paterson. The baby slept. His bearer had laid him softly on the floor of the car. A few drops of paregoric , administered by Mrs. Schwartz as the child awoke for an instant on the way to the gate, insured sound slumber. The joggling of the car did not rouse the tiny sleeper; as he lay snugly between the feet of the man into whose care he had been given. The first six miles of the easy journey were soon traversed. Then, with a pop and a dispiritedly swishing sound, a rear tire collapsed. Out into the road jumped both men. Their nerves were none too steady. And, already, in fancy they could hear all the police cars in New Jersey"
2697,The Guardian Angel,paregoric,"great pains to equip this brilliant but inexperienced young man with everything he could by any possibility need during his absence. The great trunk filled itself until it bulged with its contents like a boa-constrictor who has swallowed his blanket. Best clothes and common clothes, thick clothes and thin clothes, flannels and linens, socks and collars, with handkerchiefs enough to keep the pickpockets busy for a week, with a paper of gingerbread and some lozenges for gastralgia, and “hot drops,” and ruled paper to write letters on, and a little Bible, and a phial with hiera picra, and another with paregoric , and another with “camphire” for sprains and bruises. --Gifted went forth equipped for every climate from the tropic to the pole, and armed against every malady from Ague to Zoster. He carried also the paternal watch, a solid silver bull's-eye, and a large pocketbook, tied round with a long tape, and, by way of precaution, pinned into his breast-pocket. He talked about having a pistol, in case he were attacked by any of the ruffians who are so numerous in the city, but Mr. Gridley told him, No! he would certainly shoot himself, and he shouldn't think of letting"
1182,Dope,poppy,"soon as her salary had rendered her sufficiently independent to do so, and had established herself in a small but elegant flat situated in the heart of theatreland. But if she had walked blindly into the clutches of cocaine and veronal, her subsequent experiments with _chandu_ were prompted by indefensible curiosity, and a false vanity which urged her to do everything that was “done” by the ultra-smart and vicious set of which she had become a member. Her first introduction to opium-smoking was made under the auspices of an American comedian then appearing in London, an old devotee of the poppy , and it took place shortly after Sir Lucien Pyne had proposed marriage to Rita. This proposal she had not rejected outright; she had pleaded time for consideration. Monte Irvin was away, and Rita secretly hoped that on his return he would declare himself. Meanwhile she indulged in every new craze which became fashionable among her associates. A _chandu_ party took place at the American’s flat in Duke Street, and Rita, who had been invited, and who had consented to go with Sir Lucien Pyne, met there for the first time the woman variously known as “Lola” and “Mrs. Sin.”"
19148,The Henchman,poppy,"Kiska took the money. ""I vould like to vork for you,"" he exclaimed. ""Would you?"" laughed the politician. ""I think perhaps you may some day."" The minor social conventions, which, after all, are possibly the major ones, were consistently ignored by Shelby. ""Not at home?"" he repeated after Ruth's maid. ""I guess you're mistaken. I saw Miss Temple at the window as I drove in the gate. Just look around a bit, and you'll find her."" He walked calmly past the bewildered girl to the drawing-room. In the centre of the apartment stood Ruth, her cheeks waving crimson, like a poppy field astir. ""Angry?"" said the man. Ruth waited till the open-mouthed maid had retreated down the hall. ""I'm furious,"" she answered, and looked the part. ""Think I'm a boor?"" She could not trust herself to reply. Had he dared smile then, she would have swept by him, but he was wholly grave. ""I'll tell you what you're thinking,"" he said quietly. ""You are thinking that I have fallen short of your notion of me. You listened the other night at the court-house and thought kindly things. Then you were told by my enemies that I had used in part what"
2028,The Yellow Claw,poppy,"with any comprehensible scheme of things. Whereas some of the rooms would be laden with nauseating fumes, others would be free of these; the occupants, again, exhibited various symptoms. That he was a servant of an opium-den de luxe did not for some time become apparent to him; then, when first the theory presented itself, he was staggered by a discovery so momentous. But it satisfied his mind only partially. Some men whom he valeted might have been doped with opium, certainly, but all did not exhibit those indications which, from hearsay, he associated with the resin of the white poppy . Knowing nothing of the numerous and exotic vices which have sprung from the soil of the Orient, he was at a loss for a full explanation of the facts as he saw them. Finding himself unmolested, and noting, in the privacy of his own apartment, how handsomely his tips were accumulating, Soames was rapidly becoming reconciled to his underground existence, more especially as it spelt safety to a man wanted by the police. His duties thus far had never taken him beyond the corridor known as Block A; what might lie on the other side of the cave of"
22064,Tess of the Storm Country,poppy,"up and gazed around. ""He air gone,"" she said aloud, ""he air gone. Ben Letts has took him, damn his dirty hide. He ain't no more good than--"" Something caused her to close her lips. A large high-warted toad sprang into her dirty lap and slipped to the ground through the rent in her skirt. Tenderly she took the reptile in her fingers, for she loved this warted monster who seemed by the turn of his head to reciprocate in some way the devotion the girl showered upon him. She lifted him close to her face, and intently searched his poppy eyes. ""I said, damn his hide, Frederick,"" she said in a low tone, ""'cause I thought he took ye. And ye ain't done nothin' to him, have ye? Ye was just out huntin' flies, wasn't ye, Frederick? Don't never stay long or ye'll git hit with a spear. Ezry Longman don't like ye nuther, 'cause I kisses ye, and 'cause, on my birthday, I hit his mug with a dishrag when he was tryin' to kiss me fifteen times, and was askin' me to marry him. I'd rather kiss--"" Her sentence remained unfinished. She looked up to see a tall"
63073,Limehouse Nights,poppy,"engine.” “Stand clear, dammit, stand clear. Salvage up.” “Take report, Simpson. Smart now. Two bodies....” “Oh, dammit, do stand clear!” _The Sign of the Lamp_ Here, O hearts that beat with mine, is the saddest of all tales. It is the tale of the breaking of a man’s faith in woman. A thousand arrows over their places of slumber.... It was on the Bund of Shanghai that the father of Sway Lim had said these words to him: “Son, mistrust all white women; they are but pale devils; they shall ensnare you.” But Lim had not listened; and it was Poppy Sturdish, of Limehouse and Poplar, who proved to him that his father spoke truth. Poppy was fair in the eyes of a Chinaman; she was an anæmic slip of a girl, with coarse skin and mean mouth, a frightened manner and a defiant glance. She had scarce any friends, for she was known to be a copper’s nark; thus came the fear in her step and the challenge in her eyes. Often she had blown the gaff on the secret games of Chinatown, for she spoke Cantonese and a little Swahili and some Hindustani, and could rustle it with the"
2776,The Four Million,soporific,"denizens of Madison Square, and gives fair warning of his annual call. At the corners of four streets he hands his pasteboard to the North Wind, footman of the mansion of All Outdoors, so that the inhabitants thereof may make ready. Soapy’s mind became cognisant of the fact that the time had come for him to resolve himself into a singular Committee of Ways and Means to provide against the coming rigour. And therefore he moved uneasily on his bench. The hibernatorial ambitions of Soapy were not of the highest. In them there were no considerations of Mediterranean cruises, of soporific Southern skies drifting in the Vesuvian Bay. Three months on the Island was what his soul craved. Three months of assured board and bed and congenial company, safe from Boreas and bluecoats, seemed to Soapy the essence of things desirable. For years the hospitable Blackwell’s had been his winter quarters. Just as his more fortunate fellow New Yorkers had bought their tickets to Palm Beach and the Riviera each winter, so Soapy had made his humble arrangements for his annual hegira to the Island. And now the time was come. On the previous night three Sabbath newspapers, distributed beneath his"
43100,"""Tex""",soporific,"some exercise. So-long."" Williams followed him to the door, hoping for a glimpse of the German shooting-club rifle, but Tex mounted and rode away without turning that side of the horse toward the store. His next stop was the hotel, where he had a few sandwiches put up for him and then he left town, heading for Buffalo Creek. He had no particular object in choosing that direction, the main thing being to get out of town and to stay out of sight until after dark. As he rode he cogitated: ""Chloral hydrate. Twenty to thirty grains is the dose soporific . Yes; that’s right. In a hydrous crystal of this nature that would just about fill--what?"" He rode on, oblivious to his surroundings, trying to picture the size of a container that would hold the required weight of crystals. ""In our rough-and-ready weights a silver half-dime was twenty grains; a three-cent piece was forty grains, and I think my three-cent silver piece of ’51 weighed ten grains. But not havin’ any of ’em now, all that does me no good. Shucks--there’s plenty of miners’ scales in this country. Bet Blascom has one that’ll help me out: an’ a grain is"
54247,Beyond These Voices,soporific,"her secretaryship she had sometimes ventured a mild remonstrance, such as, ""Oh, Grannie, I don't think you ought to say that. I know Aunt Olivia is very fond of you,"" or ""Aunt Mildred is very affectionate, and would be the last to neglect you."" Whereupon Lady Felicia had told her that if she presumed to express an opinion, the letters should be written by Lidcott. ""Her spelling is as eccentric as the Paston letters; but I would rather put up with that than with your impertinence."" It was rather late in the afternoon before the drowsy Tauchnitz novel produced its soporific effect upon Grannie, though Vera had been reading in a semi-slumber; but at last the withered eyelids fell, and the grey head lay back upon the down pillow, and Vera might beckon to Lidcott, who crept in from the bedroom, with her work-basket, and seated herself by the open window most remote from Grannie, leaving Vera free to go out for her afternoon walk; only till five o'clock, when she must be at home to pour out Grannie's tea. A church clock struck as she left the hotel garden, the garden where she had often sat with Giulia, who used"
5959,Peveril of the Peak,soporific,"same worthy champion of Christendom, be not actually termed a giant, it is plain he was little better, since he required twenty-four kings’ beards, which were then worn full and long, to fur his gown; whereby computing each beard at eighteen inches (and you cannot allow less for a beard-royal), and supposing only the front of the gown trimmed therewith, as we use ermine; and that the back was mounted and lined, instead of cat-skins and squirrels’ fur, with the beards of earls and dukes, and other inferior dignitaries--may amount to--But I will work the question to-morrow.” Nothing is more soporific to any (save a philosopher or moneyed man) than the operation of figures; and when in bed, the effect is irresistible. Sir Geoffrey fell asleep in the act of calculating King Ryence’s height, from the supposed length of his mantle. Indeed, had he not stumbled on this abstruse subject of calculation, there is no guessing how long he might have held forth upon the superiority of men of little stature, which was so great a favourite with him, that, numerous as such narratives are, the dwarf had collected almost all the instances of their victories over giants, which history or"
65939,Fortune's Fool,soporific,"“I have drunk better,” he boasted. “But ’sgood enough, and just the same as last. Just the same.” “May be my fancy,” said Jake, at which his companion nodded. Then the Colonel fell to talking volubly, boastfully. The landlady, who began to mislike their looks, drew near. The Colonel beckoned her nearer still, and thrust a piece of gold into her hand. “Let that pay the reckoning,” said he, very magnificent. She gaped at such prodigality, dropped him a curtsy, and withdrew again at once, reflecting that appearances can be very deceptive. The Colonel resumed his talk. Whether from the soporific dreariness of this or from the potency of the libations, Jake’s eyelids were growing so heavy that he appeared to have a difficulty in keeping them from closing, whilst Nat was hardly in better case. Presently, surrendering to the luxurious torpor that pervaded him, Jake folded his arms upon the table, and laid his sleepy head upon them. At this, his fellow took alarm, and leaned across in an attempt to rouse him. “Hi! Jake! We gotter carry ... ladyship home.” “Dammer ladyship,” grunted Jake in the very act of falling asleep. With dazed eyes Nat looked helplessly at the"
